TransactionID,AccountID,DateTime,Amount,Currency,Country,MerchantCategory,Channel,FraudPattern,Date,Hour,Weekday
TXN501255,ACC1055,2026-01-01 05:29:00,201.32,USD,India,Electronics,ATM,,2026-01-01,5,Thursday
TXN500274,ACC1012,2026-01-01 06:09:00,67.3,USD,India,Wire Transfer,POS,,2026-01-01,6,Thursday
TXN500063,ACC1002,2026-01-01 09:08:00,24.64,USD,Singapore,Utilities,POS,,2026-01-01,9,Thursday
TXN500892,ACC1038,2026-01-01 12:03:00,105.27,USD,India,Wire Transfer,ATM,,2026-01-01,12,Thursday
TXN501090,ACC1048,2026-01-01 12:48:00,55.88,USD,India,Travel,Online,,2026-01-01,12,Thursday
TXN501237,ACC1054,2026-01-01 13:16:00,301.85,USD,UAE,Retail,Online,,2026-01-01,13,Thursday
TXN501153,ACC1050,2026-01-01 15:18:00,37.52,USD,Singapore,Retail,ATM,,2026-01-01,15,Thursday
TXN501047,ACC1045,2026-01-01 16:34:00,119.95,USD,USA,Retail,Online,,2026-01-01,16,Thursday
TXN500340,ACC1015,2026-01-01 19:01:00,40.15,USD,UAE,Utilities,POS,,2026-01-01,19,Thursday
TXN500562,ACC1024,2026-01-01 21:21:00,431.76,USD,UK,Wire Transfer,Online,,2026-01-01,21,Thursday
TXN500017,ACC1000,2026-01-01 21:56:00,26.8,USD,India,Utilities,ATM,,2026-01-01,21,Thursday
TXN501027,ACC1044,2026-01-01 22:05:00,69.01,USD,UK,Utilities,Online,,2026-01-01,22,Thursday
TXN501323,ACC1057,2026-01-02 03:01:00,62.59,USD,UAE,Travel,ATM,,2026-01-02,3,Friday
TXN501109,ACC1048,2026-01-02 05:49:00,38.04,USD,India,Dining,Online,,2026-01-02,5,Friday
TXN501116,ACC1049,2026-01-02 06:17:00,92.62,USD,USA,Electronics,Online,,2026-01-02,6,Friday
TXN501062,ACC1046,2026-01-02 06:31:00,5.14,USD,India,Travel,ATM,,2026-01-02,6,Friday
TXN501104,ACC1048,2026-01-02 07:09:00,58.81,USD,India,Retail,Online,,2026-01-02,7,Friday
TXN500673,ACC1029,2026-01-02 07:30:00,48.99,USD,UK,Cash Withdrawal,Online,,2026-01-02,7,Friday
TXN500229,ACC1010,2026-01-02 08:07:00,35.03,USD,UK,Online Marketplace,Online,,2026-01-02,8,Friday
TXN500555,ACC1024,2026-01-02 08:24:00,90.36,USD,UK,Electronics,ATM,,2026-01-02,8,Friday
TXN500454,ACC1020,2026-01-02 08:38:00,104.97,USD,UAE,Electronics,Online,,2026-01-02,8,Friday
TXN501182,ACC1052,2026-01-02 09:51:00,233.41,USD,Singapore,Electronics,Online,,2026-01-02,9,Friday
TXN500053,ACC1002,2026-01-02 11:36:00,36.26,USD,Singapore,Electronics,POS,,2026-01-02,11,Friday
TXN500138,ACC1006,2026-01-02 12:12:00,49.91,USD,India,Electronics,POS,,2026-01-02,12,Friday
TXN500217,ACC1009,2026-01-02 13:43:00,33.26,USD,USA,Retail,ATM,,2026-01-02,13,Friday
TXN501054,ACC1046,2026-01-02 14:24:00,84.32,USD,India,Electronics,Online,,2026-01-02,14,Friday
TXN501361,ACC1059,2026-01-02 14:53:00,65.77,USD,India,Electronics,POS,,2026-01-02,14,Friday
TXN501029,ACC1044,2026-01-02 15:04:00,115.83,USD,UK,Electronics,ATM,,2026-01-02,15,Friday
TXN500148,ACC1006,2026-01-02 15:08:00,20.32,USD,India,Utilities,POS,,2026-01-02,15,Friday
TXN500665,ACC1028,2026-01-02 15:44:00,35.11,USD,UAE,Retail,POS,,2026-01-02,15,Friday
TXN500638,ACC1028,2026-01-02 15:52:00,71.24,USD,UAE,Electronics,Online,,2026-01-02,15,Friday
TXN500653,ACC1028,2026-01-02 23:59:00,52.35,USD,UAE,Cash Withdrawal,POS,,2026-01-02,23,Friday
TXN500409,ACC1017,2026-01-03 04:25:00,74.31,USD,USA,Online Marketplace,POS,,2026-01-03,4,Saturday
TXN500731,ACC1031,2026-01-03 06:45:00,79.54,USD,Singapore,Travel,POS,,2026-01-03,6,Saturday
TXN501190,ACC1052,2026-01-03 08:56:00,27.9,USD,Singapore,Wire Transfer,POS,,2026-01-03,8,Saturday
TXN500350,ACC1015,2026-01-03 09:04:00,55.03,USD,UAE,Cash Withdrawal,POS,,2026-01-03,9,Saturday
TXN500749,ACC1032,2026-01-03 09:06:00,38.46,USD,UAE,Electronics,Online,,2026-01-03,9,Saturday
TXN501068,ACC1046,2026-01-03 10:22:00,189.57,USD,India,Dining,ATM,,2026-01-03,10,Saturday
TXN500429,ACC1019,2026-01-03 11:26:00,172.88,USD,USA,Travel,Online,,2026-01-03,11,Saturday
TXN500526,ACC1023,2026-01-03 12:17:00,13.14,USD,UAE,Utilities,POS,,2026-01-03,12,Saturday
TXN500656,ACC1028,2026-01-03 13:00:00,70.34,USD,UAE,Utilities,POS,,2026-01-03,13,Saturday
TXN500839,ACC1035,2026-01-03 13:10:00,161.72,USD,India,Electronics,Online,,2026-01-03,13,Saturday
TXN500093,ACC1004,2026-01-04 02:30:00,35.45,USD,UAE,Electronics,Online,,2026-01-04,2,Sunday
TXN501318,ACC1057,2026-01-04 07:44:00,50.67,USD,UAE,Wire Transfer,ATM,,2026-01-04,7,Sunday
TXN500335,ACC1014,2026-01-04 10:25:00,160.39,USD,UAE,Cash Withdrawal,POS,,2026-01-04,10,Sunday
TXN500752,ACC1032,2026-01-04 10:41:00,19.76,USD,UAE,Travel,ATM,,2026-01-04,10,Sunday
TXN501037,ACC1045,2026-01-04 11:16:00,22.13,USD,USA,Electronics,Online,,2026-01-04,11,Sunday
TXN500581,ACC1025,2026-01-04 11:18:00,90.44,USD,USA,Wire Transfer,POS,,2026-01-04,11,Sunday
TXN501364,ACC1059,2026-01-04 13:03:00,27.78,USD,India,Dining,ATM,,2026-01-04,13,Sunday
TXN500811,ACC1034,2026-01-04 14:18:00,56.36,USD,Singapore,Utilities,Online,,2026-01-04,14,Sunday
TXN500075,ACC1003,2026-01-04 14:25:00,6.31,USD,UAE,Cash Withdrawal,Online,,2026-01-04,14,Sunday
TXN500590,ACC1026,2026-01-04 15:56:00,30.86,USD,Singapore,Dining,Online,,2026-01-04,15,Sunday
TXN500649,ACC1028,2026-01-04 17:42:00,54.17,USD,UAE,Utilities,POS,,2026-01-04,17,Sunday
TXN501198,ACC1052,2026-01-04 21:17:00,109.64,USD,Singapore,Dining,POS,,2026-01-04,21,Sunday
TXN500182,ACC1007,2026-01-04 22:38:00,30.83,USD,USA,Dining,ATM,,2026-01-04,22,Sunday
TXN500197,ACC1008,2026-01-05 06:37:00,30.1,USD,India,Cash Withdrawal,POS,,2026-01-05,6,Monday
TXN500235,ACC1010,2026-01-05 08:31:00,459.23,USD,UK,Electronics,POS,,2026-01-05,8,Monday
TXN501157,ACC1051,2026-01-05 11:09:00,35.9,USD,USA,Travel,Online,,2026-01-05,11,Monday
TXN500613,ACC1027,2026-01-05 11:22:00,85.8,USD,India,Electronics,Online,,2026-01-05,11,Monday
TXN501278,ACC1056,2026-01-05 11:45:00,95.01,USD,India,Electronics,POS,,2026-01-05,11,Monday
TXN500769,ACC1033,2026-01-05 12:57:00,37.93,USD,UAE,Travel,POS,,2026-01-05,12,Monday
TXN500203,ACC1008,2026-01-05 13:15:00,176.75,USD,India,Utilities,POS,,2026-01-05,13,Monday
TXN501263,ACC1055,2026-01-05 14:30:00,108.3,USD,India,Travel,ATM,,2026-01-05,14,Monday
TXN500357,ACC1015,2026-01-05 16:12:00,65.58,USD,UAE,Utilities,Online,,2026-01-05,16,Monday
TXN500575,ACC1025,2026-01-05 16:23:00,140.68,USD,USA,Electronics,POS,,2026-01-05,16,Monday
TXN501025,ACC1044,2026-01-05 16:32:00,315.7,USD,UK,Dining,ATM,,2026-01-05,16,Monday
TXN500521,ACC1023,2026-01-05 17:04:00,14.84,USD,UAE,Retail,POS,,2026-01-05,17,Monday
TXN500066,ACC1002,2026-01-05 17:37:00,226.02,USD,Singapore,Travel,Online,,2026-01-05,17,Monday
TXN500949,ACC1041,2026-01-06 00:38:00,64.01,USD,USA,Wire Transfer,ATM,,2026-01-06,0,Tuesday
TXN500419,ACC1018,2026-01-06 02:08:00,192.74,USD,India,Cash Withdrawal,Online,,2026-01-06,2,Tuesday
TXN500536,ACC1023,2026-01-06 07:57:00,69.59,USD,UAE,Online Marketplace,Online,,2026-01-06,7,Tuesday
TXN500834,ACC1035,2026-01-06 08:18:00,33.41,USD,India,Online Marketplace,ATM,,2026-01-06,8,Tuesday
TXN500932,ACC1040,2026-01-06 08:41:00,362.51,USD,Singapore,Dining,Online,,2026-01-06,8,Tuesday
TXN500441,ACC1019,2026-01-06 08:45:00,94.22,USD,USA,Electronics,Online,,2026-01-06,8,Tuesday
TXN500352,ACC1015,2026-01-06 09:21:00,251.59,USD,UAE,Travel,ATM,,2026-01-06,9,Tuesday
TXN500128,ACC1005,2026-01-06 09:27:00,40.06,USD,UAE,Cash Withdrawal,POS,,2026-01-06,9,Tuesday
TXN500195,ACC1008,2026-01-06 09:30:00,77.93,USD,India,Wire Transfer,Online,,2026-01-06,9,Tuesday
TXN500492,ACC1022,2026-01-06 10:14:00,252.64,USD,UK,Dining,POS,,2026-01-06,10,Tuesday
TXN501222,ACC1054,2026-01-06 12:33:00,88.13,USD,UAE,Retail,POS,,2026-01-06,12,Tuesday
TXN500850,ACC1036,2026-01-06 12:58:00,41.35,USD,India,Dining,ATM,,2026-01-06,12,Tuesday
TXN500253,ACC1010,2026-01-06 15:58:00,450.31,USD,UK,Utilities,Online,,2026-01-06,15,Tuesday
TXN500395,ACC1017,2026-01-06 17:01:00,192.77,USD,USA,Electronics,POS,,2026-01-06,17,Tuesday
TXN500537,ACC1023,2026-01-06 20:43:00,30.74,USD,UAE,Utilities,ATM,,2026-01-06,20,Tuesday
TXN500657,ACC1028,2026-01-06 20:50:00,67.53,USD,UAE,Wire Transfer,ATM,,2026-01-06,20,Tuesday
TXN500689,ACC1029,2026-01-06 20:57:00,126.45,USD,UK,Wire Transfer,ATM,,2026-01-06,20,Tuesday
TXN500709,ACC1030,2026-01-06 21:03:00,10.24,USD,Singapore,Travel,ATM,,2026-01-06,21,Tuesday
TXN500855,ACC1036,2026-01-07 04:11:00,239.48,USD,India,Retail,Online,,2026-01-07,4,Wednesday
TXN500062,ACC1002,2026-01-07 04:27:00,56.42,USD,Singapore,Utilities,POS,,2026-01-07,4,Wednesday
TXN500179,ACC1007,2026-01-07 07:23:00,52.55,USD,USA,Online Marketplace,ATM,,2026-01-07,7,Wednesday
TXN501181,ACC1052,2026-01-07 07:39:00,78.41,USD,Singapore,Travel,Online,,2026-01-07,7,Wednesday
TXN500116,ACC1004,2026-01-07 08:20:00,87.48,USD,UAE,Dining,Online,,2026-01-07,8,Wednesday
TXN501235,ACC1054,2026-01-07 10:19:00,32.35,USD,UAE,Online Marketplace,Online,,2026-01-07,10,Wednesday
TXN501460,ACC1006,2026-01-07 12:00:00,1000.0,USD,India,Wire Transfer,Wire,ROUND_AMOUNT,2026-01-07,12,Wednesday
TXN500149,ACC1006,2026-01-07 12:44:00,106.67,USD,India,Travel,ATM,,2026-01-07,12,Wednesday
TXN500414,ACC1018,2026-01-07 13:12:00,210.59,USD,India,Cash Withdrawal,ATM,,2026-01-07,13,Wednesday
TXN501168,ACC1051,2026-01-07 14:25:00,110.78,USD,USA,Online Marketplace,ATM,,2026-01-07,14,Wednesday
TXN500445,ACC1020,2026-01-07 14:33:00,20.61,USD,UAE,Dining,ATM,,2026-01-07,14,Wednesday
TXN500035,ACC1001,2026-01-07 14:41:00,139.81,USD,India,Electronics,POS,,2026-01-07,14,Wednesday
TXN500842,ACC1036,2026-01-07 15:26:00,122.41,USD,India,Online Marketplace,Online,,2026-01-07,15,Wednesday
TXN500921,ACC1039,2026-01-07 16:40:00,175.26,USD,Singapore,Utilities,Online,,2026-01-07,16,Wednesday
TXN501466,ACC1055,2026-01-07 17:00:00,2000.0,USD,India,Wire Transfer,Wire,ROUND_AMOUNT,2026-01-07,17,Wednesday
TXN500012,ACC1000,2026-01-07 17:09:00,43.85,USD,India,Travel,ATM,,2026-01-07,17,Wednesday
TXN500358,ACC1015,2026-01-07 17:21:00,51.43,USD,UAE,Utilities,POS,,2026-01-07,17,Wednesday
TXN500820,ACC1035,2026-01-07 17:37:00,173.98,USD,India,Electronics,Online,,2026-01-07,17,Wednesday
TXN501336,ACC1058,2026-01-07 19:34:00,49.24,USD,Singapore,Retail,Online,,2026-01-07,19,Wednesday
TXN500792,ACC1034,2026-01-07 20:45:00,80.39,USD,Singapore,Dining,Online,,2026-01-07,20,Wednesday
TXN500267,ACC1011,2026-01-07 22:38:00,289.79,USD,India,Utilities,Online,,2026-01-07,22,Wednesday
TXN500826,ACC1035,2026-01-08 00:17:00,246.67,USD,India,Dining,POS,,2026-01-08,0,Thursday
TXN500284,ACC1012,2026-01-08 00:19:00,21.89,USD,India,Dining,POS,,2026-01-08,0,Thursday
TXN501120,ACC1049,2026-01-08 02:41:00,171.67,USD,USA,Travel,ATM,,2026-01-08,2,Thursday
TXN500400,ACC1017,2026-01-08 06:26:00,203.17,USD,USA,Online Marketplace,Online,,2026-01-08,6,Thursday
TXN500764,ACC1033,2026-01-08 06:44:00,61.16,USD,UAE,Electronics,POS,,2026-01-08,6,Thursday
TXN500304,ACC1013,2026-01-08 09:18:00,115.51,USD,India,Electronics,ATM,,2026-01-08,9,Thursday
TXN500524,ACC1023,2026-01-08 13:42:00,111.45,USD,UAE,Online Marketplace,ATM,,2026-01-08,13,Thursday
TXN500431,ACC1019,2026-01-08 15:33:00,22.99,USD,USA,Dining,ATM,,2026-01-08,15,Thursday
TXN500722,ACC1031,2026-01-08 16:14:00,14.31,USD,Singapore,Wire Transfer,Online,,2026-01-08,16,Thursday
TXN501141,ACC1050,2026-01-08 17:17:00,51.02,USD,Singapore,Retail,ATM,,2026-01-08,17,Thursday
TXN500480,ACC1021,2026-01-08 20:04:00,182.66,USD,USA,Online Marketplace,POS,,2026-01-08,20,Thursday
TXN501163,ACC1051,2026-01-08 20:21:00,19.09,USD,USA,Cash Withdrawal,Online,,2026-01-08,20,Thursday
TXN500688,ACC1029,2026-01-08 22:09:00,47.59,USD,UK,Utilities,POS,,2026-01-08,22,Thursday
TXN500490,ACC1022,2026-01-09 04:02:00,147.45,USD,UK,Online Marketplace,ATM,,2026-01-09,4,Friday
TXN500773,ACC1033,2026-01-09 04:35:00,117.82,USD,UAE,Wire Transfer,ATM,,2026-01-09,4,Friday
TXN501217,ACC1053,2026-01-09 06:28:00,36.37,USD,USA,Online Marketplace,ATM,,2026-01-09,6,Friday
TXN500707,ACC1030,2026-01-09 07:41:00,21.07,USD,Singapore,Online Marketplace,POS,,2026-01-09,7,Friday
TXN500955,ACC1041,2026-01-09 08:12:00,61.93,USD,USA,Online Marketplace,Online,,2026-01-09,8,Friday
TXN501206,ACC1053,2026-01-09 12:46:00,69.17,USD,USA,Electronics,POS,,2026-01-09,12,Friday
TXN500047,ACC1001,2026-01-09 13:43:00,44.05,USD,India,Dining,Online,,2026-01-09,13,Friday
TXN500354,ACC1015,2026-01-09 15:29:00,57.75,USD,UAE,Retail,Online,,2026-01-09,15,Friday
TXN500055,ACC1002,2026-01-09 18:23:00,168.66,USD,Singapore,Utilities,POS,,2026-01-09,18,Friday
TXN500076,ACC1003,2026-01-09 22:17:00,139.73,USD,UAE,Cash Withdrawal,ATM,,2026-01-09,22,Friday
TXN500023,ACC1001,2026-01-09 22:34:00,70.86,USD,India,Travel,POS,,2026-01-09,22,Friday
TXN500479,ACC1021,2026-01-10 02:22:00,1065.28,USD,USA,Electronics,ATM,,2026-01-10,2,Saturday
TXN500637,ACC1028,2026-01-10 06:14:00,139.89,USD,UAE,Online Marketplace,POS,,2026-01-10,6,Saturday
TXN500160,ACC1006,2026-01-10 06:26:00,120.41,USD,India,Online Marketplace,ATM,,2026-01-10,6,Saturday
TXN500299,ACC1013,2026-01-10 06:49:00,138.6,USD,India,Online Marketplace,Online,,2026-01-10,6,Saturday
TXN500741,ACC1031,2026-01-10 07:20:00,12.72,USD,Singapore,Travel,ATM,,2026-01-10,7,Saturday
TXN501175,ACC1051,2026-01-10 08:27:00,33.83,USD,USA,Cash Withdrawal,ATM,,2026-01-10,8,Saturday
TXN500943,ACC1041,2026-01-10 09:32:00,119.72,USD,USA,Electronics,Online,,2026-01-10,9,Saturday
TXN500573,ACC1025,2026-01-10 11:38:00,89.5,USD,USA,Online Marketplace,ATM,,2026-01-10,11,Saturday
TXN500031,ACC1001,2026-01-10 12:17:00,38.8,USD,India,Online Marketplace,POS,,2026-01-10,12,Saturday
TXN500153,ACC1006,2026-01-10 13:43:00,36.16,USD,India,Retail,POS,,2026-01-10,13,Saturday
TXN501368,ACC1059,2026-01-10 14:59:00,28.79,USD,India,Utilities,Online,,2026-01-10,14,Saturday
TXN500937,ACC1040,2026-01-10 15:09:00,26.6,USD,Singapore,Retail,Online,,2026-01-10,15,Saturday
TXN501160,ACC1051,2026-01-10 15:50:00,49.78,USD,USA,Online Marketplace,POS,,2026-01-10,15,Saturday
TXN501142,ACC1050,2026-01-10 17:04:00,230.01,USD,Singapore,Dining,ATM,,2026-01-10,17,Saturday
TXN500065,ACC1002,2026-01-10 21:44:00,138.56,USD,Singapore,Travel,ATM,,2026-01-10,21,Saturday
TXN501080,ACC1047,2026-01-11 04:39:00,143.34,USD,UK,Travel,POS,,2026-01-11,4,Sunday
TXN501073,ACC1047,2026-01-11 06:14:00,71.46,USD,UK,Cash Withdrawal,Online,,2026-01-11,6,Sunday
TXN500105,ACC1004,2026-01-11 06:14:00,57.68,USD,UAE,Wire Transfer,ATM,,2026-01-11,6,Sunday
TXN501332,ACC1058,2026-01-11 06:46:00,199.71,USD,Singapore,Utilities,Online,,2026-01-11,6,Sunday
TXN501456,ACC1055,2026-01-11 08:00:00,577.02,USD,India,Retail,POS,GEO_ANOMALY,2026-01-11,8,Sunday
TXN500317,ACC1014,2026-01-11 08:24:00,123.19,USD,UAE,Cash Withdrawal,POS,,2026-01-11,8,Sunday
TXN500660,ACC1028,2026-01-11 08:32:00,58.56,USD,UAE,Dining,POS,,2026-01-11,8,Sunday
TXN501457,ACC1055,2026-01-11 10:00:00,1778.57,USD,Germany,Cash Withdrawal,ATM,GEO_ANOMALY,2026-01-11,10,Sunday
TXN501172,ACC1051,2026-01-11 10:27:00,85.89,USD,USA,Travel,POS,,2026-01-11,10,Sunday
TXN500309,ACC1013,2026-01-11 12:11:00,109.11,USD,India,Retail,POS,,2026-01-11,12,Sunday
TXN500542,ACC1024,2026-01-11 12:22:00,24.13,USD,UK,Retail,POS,,2026-01-11,12,Sunday
TXN500315,ACC1014,2026-01-11 13:09:00,215.92,USD,UAE,Cash Withdrawal,Online,,2026-01-11,13,Sunday
TXN500532,ACC1023,2026-01-11 14:54:00,14.95,USD,UAE,Retail,POS,,2026-01-11,14,Sunday
TXN501348,ACC1058,2026-01-11 22:38:00,154.61,USD,Singapore,Travel,Online,,2026-01-11,22,Sunday
TXN501244,ACC1054,2026-01-12 02:26:00,26.75,USD,UAE,Travel,POS,,2026-01-12,2,Monday
TXN500141,ACC1006,2026-01-12 08:25:00,81.84,USD,India,Dining,Online,,2026-01-12,8,Monday
TXN501229,ACC1054,2026-01-12 08:44:00,158.78,USD,UAE,Travel,ATM,,2026-01-12,8,Monday
TXN500177,ACC1007,2026-01-12 09:20:00,67.47,USD,USA,Electronics,Online,,2026-01-12,9,Monday
TXN500751,ACC1032,2026-01-12 09:39:00,29.05,USD,UAE,Online Marketplace,ATM,,2026-01-12,9,Monday
TXN500204,ACC1008,2026-01-12 10:06:00,172.16,USD,India,Electronics,Online,,2026-01-12,10,Monday
TXN500305,ACC1013,2026-01-12 13:32:00,65.44,USD,India,Wire Transfer,Online,,2026-01-12,13,Monday
TXN500633,ACC1027,2026-01-12 14:16:00,57.85,USD,India,Electronics,Online,,2026-01-12,14,Monday
TXN500640,ACC1028,2026-01-12 15:06:00,20.79,USD,UAE,Electronics,Online,,2026-01-12,15,Monday
TXN500853,ACC1036,2026-01-12 16:04:00,37.58,USD,India,Electronics,Online,,2026-01-12,16,Monday
TXN500742,ACC1031,2026-01-12 17:42:00,21.08,USD,Singapore,Cash Withdrawal,Online,,2026-01-12,17,Monday
TXN500708,ACC1030,2026-01-12 19:53:00,323.54,USD,Singapore,Cash Withdrawal,POS,,2026-01-12,19,Monday
TXN500852,ACC1036,2026-01-12 19:53:00,40.45,USD,India,Online Marketplace,POS,,2026-01-12,19,Monday
TXN500334,ACC1014,2026-01-12 21:14:00,36.25,USD,UAE,Online Marketplace,Online,,2026-01-12,21,Monday
TXN501143,ACC1050,2026-01-13 04:14:00,58.26,USD,Singapore,Wire Transfer,POS,,2026-01-13,4,Tuesday
TXN500646,ACC1028,2026-01-13 06:07:00,52.17,USD,UAE,Wire Transfer,Online,,2026-01-13,6,Tuesday
TXN500721,ACC1031,2026-01-13 07:15:00,87.97,USD,Singapore,Utilities,ATM,,2026-01-13,7,Tuesday
TXN501358,ACC1059,2026-01-13 08:37:00,94.88,USD,India,Wire Transfer,Online,,2026-01-13,8,Tuesday
TXN500001,ACC1000,2026-01-13 10:29:00,104.28,USD,India,Cash Withdrawal,POS,,2026-01-13,10,Tuesday
TXN500417,ACC1018,2026-01-13 10:50:00,269.36,USD,India,Cash Withdrawal,ATM,,2026-01-13,10,Tuesday
TXN501134,ACC1050,2026-01-13 12:04:00,100.3,USD,Singapore,Retail,POS,,2026-01-13,12,Tuesday
TXN501111,ACC1048,2026-01-13 12:13:00,56.17,USD,India,Online Marketplace,Online,,2026-01-13,12,Tuesday
TXN500691,ACC1029,2026-01-13 12:40:00,48.19,USD,UK,Wire Transfer,POS,,2026-01-13,12,Tuesday
TXN501065,ACC1046,2026-01-13 15:03:00,48.13,USD,India,Dining,Online,,2026-01-13,15,Tuesday
TXN500337,ACC1015,2026-01-13 17:41:00,31.72,USD,UAE,Cash Withdrawal,POS,,2026-01-13,17,Tuesday
TXN500857,ACC1037,2026-01-13 17:56:00,31.53,USD,UK,Retail,POS,,2026-01-13,17,Tuesday
TXN500221,ACC1009,2026-01-13 19:41:00,535.5,USD,USA,Retail,Online,,2026-01-13,19,Tuesday
TXN500158,ACC1006,2026-01-13 21:13:00,102.15,USD,India,Dining,Online,,2026-01-13,21,Tuesday
TXN500241,ACC1010,2026-01-13 23:23:00,32.68,USD,UK,Cash Withdrawal,POS,,2026-01-13,23,Tuesday
TXN500805,ACC1034,2026-01-14 00:42:00,45.1,USD,Singapore,Cash Withdrawal,ATM,,2026-01-14,0,Wednesday
TXN500363,ACC1016,2026-01-14 03:42:00,60.47,USD,USA,Utilities,Online,,2026-01-14,3,Wednesday
TXN501046,ACC1045,2026-01-14 05:05:00,147.72,USD,USA,Online Marketplace,ATM,,2026-01-14,5,Wednesday
TXN501210,ACC1053,2026-01-14 06:01:00,322.02,USD,USA,Utilities,ATM,,2026-01-14,6,Wednesday
TXN500696,ACC1030,2026-01-14 06:29:00,50.47,USD,Singapore,Cash Withdrawal,Online,,2026-01-14,6,Wednesday
TXN500964,ACC1042,2026-01-14 06:38:00,126.23,USD,Singapore,Electronics,Online,,2026-01-14,6,Wednesday
TXN501010,ACC1044,2026-01-14 06:41:00,41.19,USD,UK,Utilities,Online,,2026-01-14,6,Wednesday
TXN501103,ACC1048,2026-01-14 08:08:00,436.83,USD,India,Online Marketplace,ATM,,2026-01-14,8,Wednesday
TXN501300,ACC1056,2026-01-14 09:41:00,89.08,USD,India,Electronics,Online,,2026-01-14,9,Wednesday
TXN500130,ACC1005,2026-01-14 10:23:00,42.39,USD,UAE,Online Marketplace,ATM,,2026-01-14,10,Wednesday
TXN500412,ACC1018,2026-01-14 10:56:00,24.24,USD,India,Utilities,ATM,,2026-01-14,10,Wednesday
TXN500807,ACC1034,2026-01-14 11:21:00,81.44,USD,Singapore,Utilities,ATM,,2026-01-14,11,Wednesday
TXN501221,ACC1053,2026-01-14 11:52:00,22.9,USD,USA,Retail,POS,,2026-01-14,11,Wednesday
TXN501033,ACC1045,2026-01-14 12:32:00,95.52,USD,USA,Utilities,Online,,2026-01-14,12,Wednesday
TXN500268,ACC1011,2026-01-14 13:13:00,18.41,USD,India,Travel,ATM,,2026-01-14,13,Wednesday
TXN500444,ACC1020,2026-01-14 13:37:00,61.55,USD,UAE,Dining,POS,,2026-01-14,13,Wednesday
TXN501308,ACC1057,2026-01-14 14:38:00,66.14,USD,UAE,Wire Transfer,Online,,2026-01-14,14,Wednesday
TXN500059,ACC1002,2026-01-14 15:09:00,89.85,USD,Singapore,Utilities,Online,,2026-01-14,15,Wednesday
TXN500593,ACC1026,2026-01-14 16:34:00,102.63,USD,Singapore,Travel,Online,,2026-01-14,16,Wednesday
TXN500175,ACC1007,2026-01-14 17:21:00,85.54,USD,USA,Wire Transfer,ATM,,2026-01-14,17,Wednesday
TXN500528,ACC1023,2026-01-14 20:33:00,69.64,USD,UAE,Travel,POS,,2026-01-14,20,Wednesday
TXN500058,ACC1002,2026-01-14 21:08:00,50.49,USD,Singapore,Utilities,POS,,2026-01-14,21,Wednesday
TXN501284,ACC1056,2026-01-15 00:39:00,157.75,USD,India,Electronics,POS,,2026-01-15,0,Thursday
TXN500586,ACC1025,2026-01-15 01:21:00,83.38,USD,USA,Electronics,ATM,,2026-01-15,1,Thursday
TXN500472,ACC1021,2026-01-15 02:35:00,8.4,USD,USA,Dining,ATM,,2026-01-15,2,Thursday
TXN500953,ACC1041,2026-01-15 06:51:00,21.62,USD,USA,Retail,ATM,,2026-01-15,6,Thursday
TXN501468,ACC1048,2026-01-15 10:00:00,2000.0,USD,India,Wire Transfer,Wire,ROUND_AMOUNT,2026-01-15,10,Thursday
TXN500291,ACC1012,2026-01-15 10:20:00,55.3,USD,India,Travel,ATM,,2026-01-15,10,Thursday
TXN500164,ACC1007,2026-01-15 12:41:00,31.86,USD,USA,Travel,Online,,2026-01-15,12,Thursday
TXN501345,ACC1058,2026-01-15 13:58:00,156.74,USD,Singapore,Travel,ATM,,2026-01-15,13,Thursday
TXN500248,ACC1010,2026-01-15 14:01:00,37.04,USD,UK,Travel,POS,,2026-01-15,14,Thursday
TXN501260,ACC1055,2026-01-15 14:21:00,63.42,USD,India,Wire Transfer,ATM,,2026-01-15,14,Thursday
TXN500927,ACC1040,2026-01-15 14:28:00,40.32,USD,Singapore,Dining,ATM,,2026-01-15,14,Thursday
TXN500015,ACC1000,2026-01-15 14:34:00,14.12,USD,India,Utilities,ATM,,2026-01-15,14,Thursday
TXN501100,ACC1048,2026-01-15 14:39:00,91.09,USD,India,Online Marketplace,Online,,2026-01-15,14,Thursday
TXN500251,ACC1010,2026-01-15 15:30:00,21.44,USD,UK,Online Marketplace,Online,,2026-01-15,15,Thursday
TXN501034,ACC1045,2026-01-15 16:16:00,119.4,USD,USA,Utilities,ATM,,2026-01-15,16,Thursday
TXN500902,ACC1039,2026-01-15 16:35:00,46.81,USD,Singapore,Online Marketplace,ATM,,2026-01-15,16,Thursday
TXN500344,ACC1015,2026-01-15 17:31:00,42.26,USD,UAE,Retail,ATM,,2026-01-15,17,Thursday
TXN500582,ACC1025,2026-01-15 17:46:00,45.89,USD,USA,Travel,Online,,2026-01-15,17,Thursday
TXN500078,ACC1003,2026-01-15 18:16:00,50.95,USD,UAE,Travel,ATM,,2026-01-15,18,Thursday
TXN500568,ACC1025,2026-01-15 20:12:00,26.92,USD,USA,Travel,ATM,,2026-01-15,20,Thursday
TXN500704,ACC1030,2026-01-16 00:53:00,18.77,USD,Singapore,Dining,POS,,2026-01-16,0,Friday
TXN501230,ACC1054,2026-01-16 04:45:00,487.59,USD,UAE,Online Marketplace,ATM,,2026-01-16,4,Friday
TXN500266,ACC1011,2026-01-16 10:55:00,21.69,USD,India,Wire Transfer,ATM,,2026-01-16,10,Friday
TXN500155,ACC1006,2026-01-16 12:26:00,86.81,USD,India,Dining,ATM,,2026-01-16,12,Friday
TXN500843,ACC1036,2026-01-16 12:30:00,24.28,USD,India,Travel,POS,,2026-01-16,12,Friday
TXN500697,ACC1030,2026-01-16 12:49:00,89.44,USD,Singapore,Dining,Online,,2026-01-16,12,Friday
TXN500439,ACC1019,2026-01-16 13:34:00,14.4,USD,USA,Wire Transfer,Online,,2026-01-16,13,Friday
TXN501400,ACC1004,2026-01-16 14:00:00,141.46,USD,UAE,Online Marketplace,Online,VELOCITY,2026-01-16,14,Friday
TXN501401,ACC1004,2026-01-16 14:05:00,499.69,USD,UAE,Online Marketplace,Online,VELOCITY,2026-01-16,14,Friday
TXN500185,ACC1007,2026-01-16 14:09:00,54.54,USD,USA,Online Marketplace,ATM,,2026-01-16,14,Friday
TXN501402,ACC1004,2026-01-16 14:10:00,427.0,USD,UAE,Online Marketplace,Online,VELOCITY,2026-01-16,14,Friday
TXN501403,ACC1004,2026-01-16 14:15:00,318.35,USD,UAE,Online Marketplace,Online,VELOCITY,2026-01-16,14,Friday
TXN500794,ACC1034,2026-01-16 14:15:00,21.13,USD,Singapore,Cash Withdrawal,Online,,2026-01-16,14,Friday
TXN500466,ACC1021,2026-01-16 14:18:00,54.66,USD,USA,Cash Withdrawal,ATM,,2026-01-16,14,Friday
TXN501404,ACC1004,2026-01-16 14:20:00,432.6,USD,UAE,Online Marketplace,Online,VELOCITY,2026-01-16,14,Friday
TXN501405,ACC1004,2026-01-16 14:25:00,534.61,USD,UAE,Online Marketplace,Online,VELOCITY,2026-01-16,14,Friday
TXN501406,ACC1004,2026-01-16 14:30:00,157.46,USD,UAE,Online Marketplace,Online,VELOCITY,2026-01-16,14,Friday
TXN501407,ACC1004,2026-01-16 14:35:00,381.26,USD,UAE,Online Marketplace,Online,VELOCITY,2026-01-16,14,Friday
TXN501408,ACC1004,2026-01-16 14:40:00,560.9,USD,UAE,Online Marketplace,Online,VELOCITY,2026-01-16,14,Friday
TXN501409,ACC1004,2026-01-16 14:45:00,99.18,USD,UAE,Online Marketplace,Online,VELOCITY,2026-01-16,14,Friday
TXN501053,ACC1045,2026-01-16 15:29:00,104.02,USD,USA,Cash Withdrawal,ATM,,2026-01-16,15,Friday
TXN500145,ACC1006,2026-01-16 15:48:00,84.26,USD,India,Travel,POS,,2026-01-16,15,Friday
TXN500668,ACC1029,2026-01-16 16:01:00,258.16,USD,UK,Cash Withdrawal,Online,,2026-01-16,16,Friday
TXN500614,ACC1027,2026-01-16 16:15:00,24.22,USD,India,Dining,ATM,,2026-01-16,16,Friday
TXN500048,ACC1001,2026-01-16 21:36:00,172.67,USD,India,Dining,ATM,,2026-01-16,21,Friday
TXN501288,ACC1056,2026-01-17 01:57:00,105.34,USD,India,Retail,POS,,2026-01-17,1,Saturday
TXN500771,ACC1033,2026-01-17 02:05:00,126.09,USD,UAE,Wire Transfer,POS,,2026-01-17,2,Saturday
TXN500067,ACC1002,2026-01-17 02:23:00,62.5,USD,Singapore,Retail,Online,,2026-01-17,2,Saturday
TXN500369,ACC1016,2026-01-17 03:49:00,72.81,USD,USA,Cash Withdrawal,Online,,2026-01-17,3,Saturday
TXN500552,ACC1024,2026-01-17 04:27:00,57.97,USD,UK,Online Marketplace,ATM,,2026-01-17,4,Saturday
TXN501293,ACC1056,2026-01-17 04:51:00,66.32,USD,India,Online Marketplace,POS,,2026-01-17,4,Saturday
TXN500620,ACC1027,2026-01-17 07:45:00,81.57,USD,India,Cash Withdrawal,POS,,2026-01-17,7,Saturday
TXN501366,ACC1059,2026-01-17 10:48:00,57.82,USD,India,Travel,POS,,2026-01-17,10,Saturday
TXN500121,ACC1005,2026-01-17 11:07:00,135.9,USD,UAE,Dining,Online,,2026-01-17,11,Saturday
TXN500866,ACC1037,2026-01-17 11:31:00,47.04,USD,UK,Electronics,Online,,2026-01-17,11,Saturday
TXN501344,ACC1058,2026-01-17 13:17:00,194.72,USD,Singapore,Utilities,POS,,2026-01-17,13,Saturday
TXN500052,ACC1001,2026-01-17 14:19:00,47.15,USD,India,Online Marketplace,Online,,2026-01-17,14,Saturday
TXN500801,ACC1034,2026-01-17 14:38:00,155.16,USD,Singapore,Retail,POS,,2026-01-17,14,Saturday
TXN500485,ACC1021,2026-01-17 15:14:00,33.76,USD,USA,Retail,POS,,2026-01-17,15,Saturday
TXN500667,ACC1029,2026-01-17 15:55:00,53.01,USD,UK,Utilities,ATM,,2026-01-17,15,Saturday
TXN500403,ACC1017,2026-01-17 16:32:00,67.0,USD,USA,Electronics,Online,,2026-01-17,16,Saturday
TXN500224,ACC1009,2026-01-17 16:56:00,15.62,USD,USA,Cash Withdrawal,ATM,,2026-01-17,16,Saturday
TXN500632,ACC1027,2026-01-17 18:19:00,264.17,USD,India,Travel,Online,,2026-01-17,18,Saturday
TXN501001,ACC1043,2026-01-17 19:34:00,234.96,USD,India,Retail,ATM,,2026-01-17,19,Saturday
TXN500181,ACC1007,2026-01-17 20:28:00,117.11,USD,USA,Online Marketplace,POS,,2026-01-17,20,Saturday
TXN500901,ACC1038,2026-01-17 23:41:00,92.93,USD,India,Travel,ATM,,2026-01-17,23,Saturday
TXN500338,ACC1015,2026-01-18 01:58:00,49.94,USD,UAE,Online Marketplace,ATM,,2026-01-18,1,Sunday
TXN501124,ACC1049,2026-01-18 08:02:00,23.84,USD,USA,Online Marketplace,ATM,,2026-01-18,8,Sunday
TXN500785,ACC1033,2026-01-18 08:47:00,110.37,USD,UAE,Online Marketplace,Online,,2026-01-18,8,Sunday
TXN501005,ACC1044,2026-01-18 08:49:00,125.01,USD,UK,Dining,POS,,2026-01-18,8,Sunday
TXN500599,ACC1026,2026-01-18 09:15:00,44.71,USD,Singapore,Utilities,POS,,2026-01-18,9,Sunday
TXN500836,ACC1035,2026-01-18 09:57:00,82.33,USD,India,Online Marketplace,Online,,2026-01-18,9,Sunday
TXN500898,ACC1038,2026-01-18 10:44:00,76.1,USD,India,Utilities,ATM,,2026-01-18,10,Sunday
TXN500973,ACC1042,2026-01-18 11:11:00,142.11,USD,Singapore,Travel,ATM,,2026-01-18,11,Sunday
TXN500983,ACC1043,2026-01-18 11:14:00,27.93,USD,India,Electronics,ATM,,2026-01-18,11,Sunday
TXN500461,ACC1020,2026-01-18 11:59:00,390.82,USD,UAE,Dining,POS,,2026-01-18,11,Sunday
TXN500493,ACC1022,2026-01-18 12:18:00,71.5,USD,UK,Dining,ATM,,2026-01-18,12,Sunday
TXN500858,ACC1037,2026-01-18 14:10:00,101.93,USD,UK,Cash Withdrawal,Online,,2026-01-18,14,Sunday
TXN501478,ACC1014,2026-01-18 16:00:00,661.85,USD,UAE,Travel,POS,DUPLICATE,2026-01-18,16,Sunday
TXN501479,ACC1014,2026-01-18 16:05:00,661.85,USD,UAE,Travel,POS,DUPLICATE,2026-01-18,16,Sunday
TXN500339,ACC1015,2026-01-18 16:30:00,96.7,USD,UAE,Online Marketplace,ATM,,2026-01-18,16,Sunday
TXN500099,ACC1004,2026-01-18 16:42:00,66.99,USD,UAE,Cash Withdrawal,Online,,2026-01-18,16,Sunday
TXN501015,ACC1044,2026-01-18 17:42:00,318.1,USD,UK,Electronics,ATM,,2026-01-18,17,Sunday
TXN500965,ACC1042,2026-01-18 18:12:00,61.51,USD,Singapore,Utilities,ATM,,2026-01-18,18,Sunday
TXN501310,ACC1057,2026-01-18 18:57:00,102.23,USD,UAE,Retail,POS,,2026-01-18,18,Sunday
TXN501154,ACC1050,2026-01-18 23:19:00,20.27,USD,Singapore,Retail,Online,,2026-01-18,23,Sunday
TXN500515,ACC1023,2026-01-19 00:35:00,39.68,USD,UAE,Wire Transfer,Online,,2026-01-19,0,Monday
TXN500990,ACC1043,2026-01-19 02:16:00,68.32,USD,India,Travel,ATM,,2026-01-19,2,Monday
TXN501107,ACC1048,2026-01-19 02:49:00,115.76,USD,India,Wire Transfer,POS,,2026-01-19,2,Monday
TXN500165,ACC1007,2026-01-19 03:10:00,158.7,USD,USA,Utilities,ATM,,2026-01-19,3,Monday
TXN500405,ACC1017,2026-01-19 04:18:00,44.48,USD,USA,Wire Transfer,ATM,,2026-01-19,4,Monday
TXN500199,ACC1008,2026-01-19 10:41:00,70.27,USD,India,Travel,POS,,2026-01-19,10,Monday
TXN501179,ACC1052,2026-01-19 11:59:00,27.39,USD,Singapore,Dining,POS,,2026-01-19,11,Monday
TXN501354,ACC1059,2026-01-19 12:27:00,132.06,USD,India,Retail,Online,,2026-01-19,12,Monday
TXN501205,ACC1053,2026-01-19 14:36:00,69.68,USD,USA,Travel,Online,,2026-01-19,14,Monday
TXN500275,ACC1012,2026-01-19 15:01:00,27.57,USD,India,Electronics,ATM,,2026-01-19,15,Monday
TXN500246,ACC1010,2026-01-19 16:38:00,49.35,USD,UK,Retail,Online,,2026-01-19,16,Monday
TXN500501,ACC1022,2026-01-19 16:58:00,153.48,USD,UK,Retail,ATM,,2026-01-19,16,Monday
TXN501243,ACC1054,2026-01-19 17:42:00,39.51,USD,UAE,Utilities,Online,,2026-01-19,17,Monday
TXN500368,ACC1016,2026-01-19 17:43:00,67.45,USD,USA,Online Marketplace,POS,,2026-01-19,17,Monday
TXN500247,ACC1010,2026-01-19 23:34:00,43.49,USD,UK,Utilities,POS,,2026-01-19,23,Monday
TXN500523,ACC1023,2026-01-20 00:32:00,36.73,USD,UAE,Online Marketplace,Online,,2026-01-20,0,Tuesday
TXN500920,ACC1039,2026-01-20 01:59:00,79.41,USD,Singapore,Cash Withdrawal,ATM,,2026-01-20,1,Tuesday
TXN501102,ACC1048,2026-01-20 02:34:00,4.92,USD,India,Retail,POS,,2026-01-20,2,Tuesday
TXN500674,ACC1029,2026-01-20 06:54:00,47.74,USD,UK,Retail,ATM,,2026-01-20,6,Tuesday
TXN500516,ACC1023,2026-01-20 07:14:00,131.61,USD,UAE,Wire Transfer,ATM,,2026-01-20,7,Tuesday
TXN501268,ACC1055,2026-01-20 08:01:00,29.56,USD,India,Cash Withdrawal,Online,,2026-01-20,8,Tuesday
TXN501322,ACC1057,2026-01-20 08:55:00,107.42,USD,UAE,Travel,POS,,2026-01-20,8,Tuesday
TXN500488,ACC1021,2026-01-20 08:59:00,25.19,USD,USA,Electronics,POS,,2026-01-20,8,Tuesday
TXN500131,ACC1005,2026-01-20 10:46:00,16.52,USD,UAE,Utilities,ATM,,2026-01-20,10,Tuesday
TXN500809,ACC1034,2026-01-20 12:15:00,206.48,USD,Singapore,Retail,ATM,,2026-01-20,12,Tuesday
TXN500341,ACC1015,2026-01-20 12:46:00,31.82,USD,UAE,Wire Transfer,POS,,2026-01-20,12,Tuesday
TXN500106,ACC1004,2026-01-20 15:04:00,95.93,USD,UAE,Wire Transfer,Online,,2026-01-20,15,Tuesday
TXN501461,ACC1006,2026-01-20 16:00:00,5000.0,USD,India,Wire Transfer,Wire,ROUND_AMOUNT,2026-01-20,16,Tuesday
TXN500154,ACC1006,2026-01-20 16:19:00,82.19,USD,India,Electronics,POS,,2026-01-20,16,Tuesday
TXN500238,ACC1010,2026-01-20 18:41:00,78.87,USD,UK,Electronics,Online,,2026-01-20,18,Tuesday
TXN500308,ACC1013,2026-01-20 21:28:00,39.16,USD,India,Electronics,Online,,2026-01-20,21,Tuesday
TXN500789,ACC1034,2026-01-21 03:45:00,62.61,USD,Singapore,Wire Transfer,POS,,2026-01-21,3,Wednesday
TXN500183,ACC1007,2026-01-21 08:00:00,25.44,USD,USA,Wire Transfer,POS,,2026-01-21,8,Wednesday
TXN501462,ACC1039,2026-01-21 09:00:00,1000.0,USD,Singapore,Wire Transfer,Wire,ROUND_AMOUNT,2026-01-21,9,Wednesday
TXN501467,ACC1055,2026-01-21 09:00:00,5000.0,USD,India,Wire Transfer,Wire,ROUND_AMOUNT,2026-01-21,9,Wednesday
TXN500277,ACC1012,2026-01-21 09:46:00,79.77,USD,India,Cash Withdrawal,ATM,,2026-01-21,9,Wednesday
TXN500924,ACC1039,2026-01-21 10:34:00,35.51,USD,Singapore,Wire Transfer,POS,,2026-01-21,10,Wednesday
TXN501119,ACC1049,2026-01-21 11:43:00,79.92,USD,USA,Cash Withdrawal,ATM,,2026-01-21,11,Wednesday
TXN500946,ACC1041,2026-01-21 12:08:00,25.46,USD,USA,Wire Transfer,ATM,,2026-01-21,12,Wednesday
TXN501148,ACC1050,2026-01-21 12:38:00,18.25,USD,Singapore,Online Marketplace,Online,,2026-01-21,12,Wednesday
TXN500540,ACC1024,2026-01-21 13:36:00,39.68,USD,UK,Wire Transfer,ATM,,2026-01-21,13,Wednesday
TXN501095,ACC1048,2026-01-21 15:41:00,128.94,USD,India,Wire Transfer,Online,,2026-01-21,15,Wednesday
TXN500457,ACC1020,2026-01-21 15:41:00,60.56,USD,UAE,Utilities,ATM,,2026-01-21,15,Wednesday
TXN500072,ACC1003,2026-01-21 16:06:00,266.2,USD,UAE,Wire Transfer,POS,,2026-01-21,16,Wednesday
TXN501370,ACC1059,2026-01-21 16:17:00,30.07,USD,India,Retail,Online,,2026-01-21,16,Wednesday
TXN500699,ACC1030,2026-01-21 16:19:00,153.18,USD,Singapore,Retail,POS,,2026-01-21,16,Wednesday
TXN500798,ACC1034,2026-01-21 17:49:00,123.14,USD,Singapore,Dining,POS,,2026-01-21,17,Wednesday
TXN501339,ACC1058,2026-01-22 01:59:00,47.02,USD,Singapore,Utilities,ATM,,2026-01-22,1,Thursday
TXN501187,ACC1052,2026-01-22 02:12:00,27.54,USD,Singapore,Utilities,POS,,2026-01-22,2,Thursday
TXN500873,ACC1037,2026-01-22 03:31:00,19.27,USD,UK,Cash Withdrawal,POS,,2026-01-22,3,Thursday
TXN501076,ACC1047,2026-01-22 06:01:00,42.76,USD,UK,Travel,ATM,,2026-01-22,6,Thursday
TXN500671,ACC1029,2026-01-22 09:16:00,204.69,USD,UK,Electronics,ATM,,2026-01-22,9,Thursday
TXN501078,ACC1047,2026-01-22 10:06:00,45.36,USD,UK,Electronics,Online,,2026-01-22,10,Thursday
TXN500603,ACC1026,2026-01-22 11:08:00,145.86,USD,Singapore,Travel,Online,,2026-01-22,11,Thursday
TXN501352,ACC1058,2026-01-22 11:30:00,13.17,USD,Singapore,Utilities,Online,,2026-01-22,11,Thursday
TXN500886,ACC1038,2026-01-22 11:52:00,351.44,USD,India,Wire Transfer,POS,,2026-01-22,11,Thursday
TXN501341,ACC1058,2026-01-22 13:42:00,77.05,USD,Singapore,Utilities,ATM,,2026-01-22,13,Thursday
TXN500091,ACC1004,2026-01-22 14:18:00,72.77,USD,UAE,Cash Withdrawal,POS,,2026-01-22,14,Thursday
TXN501026,ACC1044,2026-01-22 14:23:00,98.76,USD,UK,Dining,ATM,,2026-01-22,14,Thursday
TXN500519,ACC1023,2026-01-22 15:22:00,72.92,USD,UAE,Travel,POS,,2026-01-22,15,Thursday
TXN500205,ACC1008,2026-01-22 15:57:00,19.3,USD,India,Retail,POS,,2026-01-22,15,Thursday
TXN500113,ACC1004,2026-01-22 17:58:00,70.4,USD,UAE,Travel,ATM,,2026-01-22,17,Thursday
TXN500750,ACC1032,2026-01-22 18:10:00,18.8,USD,UAE,Electronics,ATM,,2026-01-22,18,Thursday
TXN500587,ACC1025,2026-01-22 20:47:00,44.11,USD,USA,Dining,ATM,,2026-01-22,20,Thursday
TXN501178,ACC1052,2026-01-22 23:39:00,61.04,USD,Singapore,Online Marketplace,ATM,,2026-01-22,23,Thursday
TXN500702,ACC1030,2026-01-23 01:25:00,171.42,USD,Singapore,Online Marketplace,ATM,,2026-01-23,1,Friday
TXN500723,ACC1031,2026-01-23 06:37:00,19.82,USD,Singapore,Cash Withdrawal,ATM,,2026-01-23,6,Friday
TXN500250,ACC1010,2026-01-23 08:08:00,96.01,USD,UK,Wire Transfer,ATM,,2026-01-23,8,Friday
TXN501307,ACC1057,2026-01-23 08:25:00,68.4,USD,UAE,Electronics,ATM,,2026-01-23,8,Friday
TXN501372,ACC1059,2026-01-23 11:31:00,311.23,USD,India,Dining,ATM,,2026-01-23,11,Friday
TXN500433,ACC1019,2026-01-23 11:34:00,52.33,USD,USA,Cash Withdrawal,ATM,,2026-01-23,11,Friday
TXN500018,ACC1000,2026-01-23 12:06:00,88.48,USD,India,Utilities,ATM,,2026-01-23,12,Friday
TXN500588,ACC1025,2026-01-23 12:21:00,31.04,USD,USA,Wire Transfer,Online,,2026-01-23,12,Friday
TXN500917,ACC1039,2026-01-23 15:07:00,115.25,USD,Singapore,Wire Transfer,POS,,2026-01-23,15,Friday
TXN501135,ACC1050,2026-01-23 17:12:00,53.53,USD,Singapore,Electronics,Online,,2026-01-23,17,Friday
TXN500070,ACC1003,2026-01-23 18:01:00,37.31,USD,UAE,Travel,ATM,,2026-01-23,18,Friday
TXN500377,ACC1016,2026-01-23 19:28:00,146.22,USD,USA,Electronics,ATM,,2026-01-23,19,Friday
TXN500730,ACC1031,2026-01-23 20:54:00,33.1,USD,Singapore,Cash Withdrawal,POS,,2026-01-23,20,Friday
TXN500565,ACC1025,2026-01-23 22:20:00,196.58,USD,USA,Utilities,ATM,,2026-01-23,22,Friday
TXN500458,ACC1020,2026-01-24 00:21:00,26.27,USD,UAE,Utilities,ATM,,2026-01-24,0,Saturday
TXN501242,ACC1054,2026-01-24 06:41:00,55.52,USD,UAE,Cash Withdrawal,POS,,2026-01-24,6,Saturday
TXN500952,ACC1041,2026-01-24 07:53:00,91.55,USD,USA,Utilities,POS,,2026-01-24,7,Saturday
TXN500038,ACC1001,2026-01-24 08:15:00,11.43,USD,India,Electronics,Online,,2026-01-24,8,Saturday
TXN500712,ACC1030,2026-01-24 08:28:00,61.13,USD,Singapore,Travel,POS,,2026-01-24,8,Saturday
TXN500600,ACC1026,2026-01-24 09:09:00,93.65,USD,Singapore,Wire Transfer,Online,,2026-01-24,9,Saturday
TXN501057,ACC1046,2026-01-24 11:13:00,65.17,USD,India,Wire Transfer,ATM,,2026-01-24,11,Saturday
TXN500374,ACC1016,2026-01-24 11:24:00,158.12,USD,USA,Electronics,Online,,2026-01-24,11,Saturday
TXN501147,ACC1050,2026-01-24 12:32:00,24.86,USD,Singapore,Cash Withdrawal,ATM,,2026-01-24,12,Saturday
TXN500995,ACC1043,2026-01-24 13:32:00,27.07,USD,India,Utilities,POS,,2026-01-24,13,Saturday
TXN501059,ACC1046,2026-01-24 13:36:00,108.77,USD,India,Dining,POS,,2026-01-24,13,Saturday
TXN501254,ACC1055,2026-01-24 18:14:00,93.38,USD,India,Utilities,POS,,2026-01-24,18,Saturday
TXN501130,ACC1050,2026-01-24 18:39:00,89.65,USD,Singapore,Cash Withdrawal,ATM,,2026-01-24,18,Saturday
TXN501049,ACC1045,2026-01-24 23:58:00,251.86,USD,USA,Utilities,Online,,2026-01-24,23,Saturday
TXN500831,ACC1035,2026-01-25 00:00:00,19.89,USD,India,Dining,POS,,2026-01-25,0,Sunday
TXN501007,ACC1044,2026-01-25 00:47:00,149.26,USD,UK,Retail,ATM,,2026-01-25,0,Sunday
TXN501123,ACC1049,2026-01-25 01:24:00,118.49,USD,USA,Cash Withdrawal,ATM,,2026-01-25,1,Sunday
TXN501136,ACC1050,2026-01-25 04:36:00,158.81,USD,Singapore,Wire Transfer,ATM,,2026-01-25,4,Sunday
TXN500837,ACC1035,2026-01-25 06:58:00,269.2,USD,India,Wire Transfer,POS,,2026-01-25,6,Sunday
TXN500321,ACC1014,2026-01-25 07:08:00,72.77,USD,UAE,Travel,POS,,2026-01-25,7,Sunday
TXN500037,ACC1001,2026-01-25 07:28:00,80.48,USD,India,Travel,Online,,2026-01-25,7,Sunday
TXN500044,ACC1001,2026-01-25 08:03:00,50.86,USD,India,Retail,ATM,,2026-01-25,8,Sunday
TXN500147,ACC1006,2026-01-25 08:23:00,21.91,USD,India,Travel,Online,,2026-01-25,8,Sunday
TXN500754,ACC1032,2026-01-25 10:35:00,172.13,USD,UAE,Utilities,ATM,,2026-01-25,10,Sunday
TXN501144,ACC1050,2026-01-25 12:15:00,74.67,USD,Singapore,Travel,ATM,,2026-01-25,12,Sunday
TXN501321,ACC1057,2026-01-25 12:53:00,70.17,USD,UAE,Cash Withdrawal,Online,,2026-01-25,12,Sunday
TXN500821,ACC1035,2026-01-25 12:55:00,41.86,USD,India,Wire Transfer,ATM,,2026-01-25,12,Sunday
TXN500529,ACC1023,2026-01-25 13:16:00,84.25,USD,UAE,Cash Withdrawal,Online,,2026-01-25,13,Sunday
TXN500506,ACC1022,2026-01-25 16:37:00,43.02,USD,UK,Dining,Online,,2026-01-25,16,Sunday
TXN501099,ACC1048,2026-01-25 17:11:00,152.12,USD,India,Travel,Online,,2026-01-25,17,Sunday
TXN500726,ACC1031,2026-01-25 17:51:00,56.51,USD,Singapore,Online Marketplace,ATM,,2026-01-25,17,Sunday
TXN500355,ACC1015,2026-01-26 02:12:00,65.55,USD,UAE,Retail,Online,,2026-01-26,2,Monday
TXN500126,ACC1005,2026-01-26 03:44:00,478.86,USD,UAE,Dining,POS,,2026-01-26,3,Monday
TXN500758,ACC1033,2026-01-26 04:13:00,78.76,USD,UAE,Travel,ATM,,2026-01-26,4,Monday
TXN501061,ACC1046,2026-01-26 06:47:00,133.56,USD,India,Travel,Online,,2026-01-26,6,Monday
TXN500695,ACC1030,2026-01-26 06:49:00,113.73,USD,Singapore,Electronics,POS,,2026-01-26,6,Monday
TXN501044,ACC1045,2026-01-26 07:15:00,64.41,USD,USA,Utilities,POS,,2026-01-26,7,Monday
TXN501282,ACC1056,2026-01-26 07:17:00,58.14,USD,India,Cash Withdrawal,Online,,2026-01-26,7,Monday
TXN500849,ACC1036,2026-01-26 09:26:00,37.56,USD,India,Utilities,POS,,2026-01-26,9,Monday
TXN500823,ACC1035,2026-01-26 09:36:00,527.95,USD,India,Online Marketplace,POS,,2026-01-26,9,Monday
TXN501193,ACC1052,2026-01-26 12:29:00,38.81,USD,Singapore,Retail,POS,,2026-01-26,12,Monday
TXN500848,ACC1036,2026-01-26 13:49:00,607.75,USD,India,Utilities,ATM,,2026-01-26,13,Monday
TXN501480,ACC1004,2026-01-26 14:00:00,158.13,USD,UAE,Utilities,POS,DUPLICATE,2026-01-26,14,Monday
TXN501481,ACC1004,2026-01-26 14:01:00,158.13,USD,UAE,Utilities,POS,DUPLICATE,2026-01-26,14,Monday
TXN500330,ACC1014,2026-01-26 16:08:00,117.39,USD,UAE,Utilities,POS,,2026-01-26,16,Monday
TXN500791,ACC1034,2026-01-26 17:15:00,98.17,USD,Singapore,Retail,Online,,2026-01-26,17,Monday
TXN500705,ACC1030,2026-01-26 17:23:00,16.43,USD,Singapore,Electronics,ATM,,2026-01-26,17,Monday
TXN501274,ACC1056,2026-01-26 19:28:00,50.16,USD,India,Retail,Online,,2026-01-26,19,Monday
TXN500401,ACC1017,2026-01-27 09:09:00,15.88,USD,USA,Cash Withdrawal,ATM,,2026-01-27,9,Tuesday
TXN500570,ACC1025,2026-01-27 11:18:00,48.6,USD,USA,Electronics,Online,,2026-01-27,11,Tuesday
TXN500687,ACC1029,2026-01-27 12:15:00,53.72,USD,UK,Wire Transfer,Online,,2026-01-27,12,Tuesday
TXN500936,ACC1040,2026-01-27 12:44:00,42.44,USD,Singapore,Wire Transfer,ATM,,2026-01-27,12,Tuesday
TXN501250,ACC1055,2026-01-27 13:06:00,16.44,USD,India,Electronics,Online,,2026-01-27,13,Tuesday
TXN500900,ACC1038,2026-01-27 13:18:00,31.97,USD,India,Cash Withdrawal,ATM,,2026-01-27,13,Tuesday
TXN500539,ACC1023,2026-01-27 13:48:00,164.95,USD,UAE,Wire Transfer,POS,,2026-01-27,13,Tuesday
TXN500068,ACC1002,2026-01-27 14:42:00,164.54,USD,Singapore,Electronics,Online,,2026-01-27,14,Tuesday
TXN501139,ACC1050,2026-01-27 14:59:00,114.17,USD,Singapore,Electronics,Online,,2026-01-27,14,Tuesday
TXN501009,ACC1044,2026-01-27 15:20:00,171.5,USD,UK,Wire Transfer,Online,,2026-01-27,15,Tuesday
TXN500437,ACC1019,2026-01-27 15:31:00,288.81,USD,USA,Cash Withdrawal,Online,,2026-01-27,15,Tuesday
TXN501256,ACC1055,2026-01-27 16:26:00,22.45,USD,India,Wire Transfer,POS,,2026-01-27,16,Tuesday
TXN500507,ACC1022,2026-01-27 17:21:00,39.13,USD,UK,Utilities,POS,,2026-01-27,17,Tuesday
TXN501488,ACC1014,2026-01-28 04:00:00,4343.57,USD,UAE,Cash Withdrawal,ATM,OFF_HOURS,2026-01-28,4,Wednesday
TXN501105,ACC1048,2026-01-28 09:19:00,180.8,USD,India,Online Marketplace,Online,,2026-01-28,9,Wednesday
TXN500888,ACC1038,2026-01-28 11:50:00,48.26,USD,India,Dining,ATM,,2026-01-28,11,Wednesday
TXN501017,ACC1044,2026-01-28 12:50:00,37.1,USD,UK,Cash Withdrawal,ATM,,2026-01-28,12,Wednesday
TXN500410,ACC1017,2026-01-28 13:03:00,105.95,USD,USA,Retail,Online,,2026-01-28,13,Wednesday
TXN500146,ACC1006,2026-01-28 15:17:00,134.78,USD,India,Utilities,POS,,2026-01-28,15,Wednesday
TXN501155,ACC1051,2026-01-28 17:01:00,292.31,USD,USA,Utilities,ATM,,2026-01-28,17,Wednesday
TXN501476,ACC1057,2026-01-28 18:00:00,436.74,USD,UAE,Dining,POS,DUPLICATE,2026-01-28,18,Wednesday
TXN501477,ACC1057,2026-01-28 18:06:00,436.74,USD,UAE,Dining,POS,DUPLICATE,2026-01-28,18,Wednesday
TXN500968,ACC1042,2026-01-28 19:35:00,337.26,USD,Singapore,Utilities,ATM,,2026-01-28,19,Wednesday
TXN500508,ACC1022,2026-01-28 20:47:00,30.64,USD,UK,Electronics,ATM,,2026-01-28,20,Wednesday
TXN501115,ACC1049,2026-01-28 22:15:00,76.35,USD,USA,Wire Transfer,Online,,2026-01-28,22,Wednesday
TXN500612,ACC1027,2026-01-28 23:06:00,63.43,USD,India,Dining,Online,,2026-01-28,23,Wednesday
TXN501215,ACC1053,2026-01-29 01:48:00,51.14,USD,USA,Retail,Online,,2026-01-29,1,Thursday
TXN500381,ACC1016,2026-01-29 05:12:00,31.32,USD,USA,Travel,POS,,2026-01-29,5,Thursday
TXN500097,ACC1004,2026-01-29 06:44:00,87.05,USD,UAE,Online Marketplace,POS,,2026-01-29,6,Thursday
TXN500467,ACC1021,2026-01-29 07:08:00,115.9,USD,USA,Online Marketplace,POS,,2026-01-29,7,Thursday
TXN501096,ACC1048,2026-01-29 08:27:00,62.01,USD,India,Dining,ATM,,2026-01-29,8,Thursday
TXN500111,ACC1004,2026-01-29 08:31:00,11.86,USD,UAE,Retail,Online,,2026-01-29,8,Thursday
TXN501031,ACC1045,2026-01-29 13:12:00,52.9,USD,USA,Online Marketplace,Online,,2026-01-29,13,Thursday
TXN501410,ACC1023,2026-01-29 14:00:00,419.99,USD,UAE,Online Marketplace,Online,VELOCITY,2026-01-29,14,Thursday
TXN501438,ACC1052,2026-01-29 14:00:00,167.39,USD,Singapore,Online Marketplace,Online,VELOCITY,2026-01-29,14,Thursday
TXN501411,ACC1023,2026-01-29 14:05:00,325.03,USD,UAE,Online Marketplace,Online,VELOCITY,2026-01-29,14,Thursday
TXN501439,ACC1052,2026-01-29 14:05:00,272.36,USD,Singapore,Online Marketplace,Online,VELOCITY,2026-01-29,14,Thursday
TXN501440,ACC1052,2026-01-29 14:10:00,165.8,USD,Singapore,Online Marketplace,Online,VELOCITY,2026-01-29,14,Thursday
TXN501412,ACC1023,2026-01-29 14:10:00,557.37,USD,UAE,Online Marketplace,Online,VELOCITY,2026-01-29,14,Thursday
TXN501441,ACC1052,2026-01-29 14:15:00,206.7,USD,Singapore,Online Marketplace,Online,VELOCITY,2026-01-29,14,Thursday
TXN501413,ACC1023,2026-01-29 14:15:00,103.82,USD,UAE,Online Marketplace,Online,VELOCITY,2026-01-29,14,Thursday
TXN501442,ACC1052,2026-01-29 14:20:00,382.63,USD,Singapore,Online Marketplace,Online,VELOCITY,2026-01-29,14,Thursday
TXN501414,ACC1023,2026-01-29 14:20:00,444.67,USD,UAE,Online Marketplace,Online,VELOCITY,2026-01-29,14,Thursday
TXN501415,ACC1023,2026-01-29 14:25:00,147.88,USD,UAE,Online Marketplace,Online,VELOCITY,2026-01-29,14,Thursday
TXN501443,ACC1052,2026-01-29 14:25:00,149.35,USD,Singapore,Online Marketplace,Online,VELOCITY,2026-01-29,14,Thursday
TXN501416,ACC1023,2026-01-29 14:30:00,169.57,USD,UAE,Online Marketplace,Online,VELOCITY,2026-01-29,14,Thursday
TXN501444,ACC1052,2026-01-29 14:30:00,491.35,USD,Singapore,Online Marketplace,Online,VELOCITY,2026-01-29,14,Thursday
TXN501445,ACC1052,2026-01-29 14:35:00,408.74,USD,Singapore,Online Marketplace,Online,VELOCITY,2026-01-29,14,Thursday
TXN501417,ACC1023,2026-01-29 14:35:00,105.98,USD,UAE,Online Marketplace,Online,VELOCITY,2026-01-29,14,Thursday
TXN501418,ACC1023,2026-01-29 14:40:00,239.82,USD,UAE,Online Marketplace,Online,VELOCITY,2026-01-29,14,Thursday
TXN500813,ACC1034,2026-01-29 14:40:00,245.25,USD,Singapore,Online Marketplace,ATM,,2026-01-29,14,Thursday
TXN501446,ACC1052,2026-01-29 14:40:00,275.59,USD,Singapore,Online Marketplace,Online,VELOCITY,2026-01-29,14,Thursday
TXN500233,ACC1010,2026-01-29 14:40:00,69.48,USD,UK,Online Marketplace,ATM,,2026-01-29,14,Thursday
TXN501419,ACC1023,2026-01-29 14:45:00,492.72,USD,UAE,Online Marketplace,Online,VELOCITY,2026-01-29,14,Thursday
TXN501447,ACC1052,2026-01-29 14:45:00,162.03,USD,Singapore,Online Marketplace,Online,VELOCITY,2026-01-29,14,Thursday
TXN501363,ACC1059,2026-01-29 15:16:00,74.26,USD,India,Dining,POS,,2026-01-29,15,Thursday
TXN501458,ACC1006,2026-01-29 16:00:00,9000.0,USD,India,Wire Transfer,Wire,ROUND_AMOUNT,2026-01-29,16,Thursday
TXN501050,ACC1045,2026-01-29 16:08:00,230.92,USD,USA,Retail,ATM,,2026-01-29,16,Thursday
TXN500994,ACC1043,2026-01-29 17:38:00,36.1,USD,India,Travel,ATM,,2026-01-29,17,Thursday
TXN500923,ACC1039,2026-01-29 21:33:00,75.16,USD,Singapore,Electronics,ATM,,2026-01-29,21,Thursday
TXN500011,ACC1000,2026-01-29 23:08:00,43.94,USD,India,Online Marketplace,POS,,2026-01-29,23,Thursday
TXN500184,ACC1007,2026-01-29 23:58:00,102.95,USD,USA,Electronics,Online,,2026-01-29,23,Thursday
TXN500446,ACC1020,2026-01-30 02:26:00,121.84,USD,UAE,Cash Withdrawal,ATM,,2026-01-30,2,Friday
TXN500975,ACC1042,2026-01-30 03:23:00,44.63,USD,Singapore,Dining,POS,,2026-01-30,3,Friday
TXN500838,ACC1035,2026-01-30 07:08:00,27.15,USD,India,Dining,ATM,,2026-01-30,7,Friday
TXN501045,ACC1045,2026-01-30 07:15:00,57.09,USD,USA,Cash Withdrawal,POS,,2026-01-30,7,Friday
TXN500986,ACC1043,2026-01-30 10:21:00,23.51,USD,India,Electronics,Online,,2026-01-30,10,Friday
TXN500210,ACC1009,2026-01-30 11:16:00,2137.64,USD,USA,Online Marketplace,Online,,2026-01-30,11,Friday
TXN501016,ACC1044,2026-01-30 11:44:00,79.69,USD,UK,Travel,POS,,2026-01-30,11,Friday
TXN500766,ACC1033,2026-01-30 12:53:00,35.42,USD,UAE,Wire Transfer,ATM,,2026-01-30,12,Friday
TXN500728,ACC1031,2026-01-30 13:01:00,91.18,USD,Singapore,Online Marketplace,POS,,2026-01-30,13,Friday
TXN501093,ACC1048,2026-01-30 16:35:00,128.36,USD,India,Cash Withdrawal,POS,,2026-01-30,16,Friday
TXN500006,ACC1000,2026-01-30 17:51:00,54.02,USD,India,Cash Withdrawal,Online,,2026-01-30,17,Friday
TXN501295,ACC1056,2026-01-30 21:09:00,71.78,USD,India,Utilities,Online,,2026-01-30,21,Friday
TXN500022,ACC1000,2026-01-31 02:56:00,54.42,USD,India,Electronics,POS,,2026-01-31,2,Saturday
TXN500040,ACC1001,2026-01-31 06:31:00,79.61,USD,India,Online Marketplace,POS,,2026-01-31,6,Saturday
TXN501131,ACC1050,2026-01-31 09:04:00,89.05,USD,Singapore,Wire Transfer,POS,,2026-01-31,9,Saturday
TXN501272,ACC1056,2026-01-31 09:53:00,115.38,USD,India,Utilities,POS,,2026-01-31,9,Saturday
TXN500215,ACC1009,2026-01-31 10:22:00,50.21,USD,USA,Utilities,ATM,,2026-01-31,10,Saturday
TXN500768,ACC1033,2026-01-31 11:05:00,328.23,USD,UAE,Wire Transfer,ATM,,2026-01-31,11,Saturday
TXN500404,ACC1017,2026-01-31 11:17:00,69.57,USD,USA,Online Marketplace,POS,,2026-01-31,11,Saturday
TXN501347,ACC1058,2026-01-31 11:51:00,6.7,USD,Singapore,Retail,Online,,2026-01-31,11,Saturday
TXN500510,ACC1022,2026-01-31 12:49:00,31.57,USD,UK,Utilities,Online,,2026-01-31,12,Saturday
TXN501151,ACC1050,2026-01-31 13:13:00,27.32,USD,Singapore,Wire Transfer,ATM,,2026-01-31,13,Saturday
TXN501201,ACC1052,2026-01-31 13:27:00,74.64,USD,Singapore,Utilities,ATM,,2026-01-31,13,Saturday
TXN500092,ACC1004,2026-01-31 14:14:00,159.46,USD,UAE,Dining,POS,,2026-01-31,14,Saturday
TXN501077,ACC1047,2026-01-31 14:47:00,16.43,USD,UK,Electronics,POS,,2026-01-31,14,Saturday
TXN501473,ACC1034,2026-01-31 15:00:00,2000.0,USD,Singapore,Wire Transfer,Wire,ROUND_AMOUNT,2026-01-31,15,Saturday
TXN500236,ACC1010,2026-01-31 18:08:00,117.98,USD,UK,Wire Transfer,Online,,2026-01-31,18,Saturday
TXN501117,ACC1049,2026-02-01 00:02:00,580.03,USD,USA,Online Marketplace,ATM,,2026-02-01,0,Sunday
TXN500663,ACC1028,2026-02-01 04:27:00,64.75,USD,UAE,Electronics,Online,,2026-02-01,4,Sunday
TXN500004,ACC1000,2026-02-01 06:24:00,262.62,USD,India,Utilities,ATM,,2026-02-01,6,Sunday
TXN500120,ACC1005,2026-02-01 07:01:00,131.2,USD,UAE,Travel,POS,,2026-02-01,7,Sunday
TXN500028,ACC1001,2026-02-01 07:21:00,93.52,USD,India,Retail,ATM,,2026-02-01,7,Sunday
TXN500503,ACC1022,2026-02-01 08:21:00,18.94,USD,UK,Electronics,Online,,2026-02-01,8,Sunday
TXN500187,ACC1008,2026-02-01 11:09:00,102.1,USD,India,Wire Transfer,POS,,2026-02-01,11,Sunday
TXN500517,ACC1023,2026-02-01 11:41:00,104.67,USD,UAE,Cash Withdrawal,Online,,2026-02-01,11,Sunday
TXN500576,ACC1025,2026-02-01 14:22:00,9.12,USD,USA,Travel,ATM,,2026-02-01,14,Sunday
TXN501082,ACC1047,2026-02-01 15:28:00,48.7,USD,UK,Travel,POS,,2026-02-01,15,Sunday
TXN501194,ACC1052,2026-02-01 20:19:00,88.93,USD,Singapore,Cash Withdrawal,Online,,2026-02-01,20,Sunday
TXN500531,ACC1023,2026-02-01 23:14:00,118.48,USD,UAE,Utilities,ATM,,2026-02-01,23,Sunday
TXN500391,ACC1017,2026-02-02 07:35:00,29.71,USD,USA,Utilities,POS,,2026-02-02,7,Monday
TXN500298,ACC1013,2026-02-02 07:38:00,87.93,USD,India,Travel,ATM,,2026-02-02,7,Monday
TXN500913,ACC1039,2026-02-02 07:55:00,83.47,USD,Singapore,Online Marketplace,POS,,2026-02-02,7,Monday
TXN500285,ACC1012,2026-02-02 08:07:00,454.74,USD,India,Retail,Online,,2026-02-02,8,Monday
TXN501152,ACC1050,2026-02-02 09:28:00,9.6,USD,Singapore,Online Marketplace,Online,,2026-02-02,9,Monday
TXN500930,ACC1040,2026-02-02 12:18:00,62.85,USD,Singapore,Retail,ATM,,2026-02-02,12,Monday
TXN500939,ACC1040,2026-02-02 12:36:00,83.05,USD,Singapore,Dining,Online,,2026-02-02,12,Monday
TXN501064,ACC1046,2026-02-02 12:36:00,13.93,USD,India,Retail,Online,,2026-02-02,12,Monday
TXN500887,ACC1038,2026-02-02 13:12:00,112.79,USD,India,Electronics,Online,,2026-02-02,13,Monday
TXN500802,ACC1034,2026-02-02 13:19:00,41.91,USD,Singapore,Utilities,Online,,2026-02-02,13,Monday
TXN500572,ACC1025,2026-02-02 14:45:00,301.51,USD,USA,Wire Transfer,Online,,2026-02-02,14,Monday
TXN500220,ACC1009,2026-02-02 14:46:00,71.79,USD,USA,Travel,ATM,,2026-02-02,14,Monday
TXN501376,ACC1059,2026-02-02 16:01:00,55.24,USD,India,Online Marketplace,POS,,2026-02-02,16,Monday
TXN500744,ACC1032,2026-02-02 16:46:00,68.27,USD,UAE,Retail,POS,,2026-02-02,16,Monday
TXN500478,ACC1021,2026-02-02 17:47:00,88.25,USD,USA,Dining,ATM,,2026-02-02,17,Monday
TXN500560,ACC1024,2026-02-02 21:46:00,45.66,USD,UK,Online Marketplace,ATM,,2026-02-02,21,Monday
TXN500079,ACC1003,2026-02-03 01:38:00,72.43,USD,UAE,Wire Transfer,Online,,2026-02-03,1,Tuesday
TXN501375,ACC1059,2026-02-03 04:04:00,250.65,USD,India,Electronics,ATM,,2026-02-03,4,Tuesday
TXN500009,ACC1000,2026-02-03 06:47:00,43.71,USD,India,Utilities,ATM,,2026-02-03,6,Tuesday
TXN501040,ACC1045,2026-02-03 07:05:00,171.12,USD,USA,Wire Transfer,ATM,,2026-02-03,7,Tuesday
TXN501021,ACC1044,2026-02-03 07:05:00,106.76,USD,UK,Retail,ATM,,2026-02-03,7,Tuesday
TXN501056,ACC1046,2026-02-03 07:30:00,36.44,USD,India,Cash Withdrawal,Online,,2026-02-03,7,Tuesday
TXN500743,ACC1032,2026-02-03 07:44:00,38.0,USD,UAE,Electronics,Online,,2026-02-03,7,Tuesday
TXN500462,ACC1020,2026-02-03 10:28:00,68.84,USD,UAE,Utilities,Online,,2026-02-03,10,Tuesday
TXN500979,ACC1042,2026-02-03 13:36:00,16.03,USD,Singapore,Travel,Online,,2026-02-03,13,Tuesday
TXN500375,ACC1016,2026-02-03 15:13:00,463.06,USD,USA,Utilities,ATM,,2026-02-03,15,Tuesday
TXN500816,ACC1034,2026-02-03 15:35:00,17.51,USD,Singapore,Travel,ATM,,2026-02-03,15,Tuesday
TXN500102,ACC1004,2026-02-03 16:53:00,45.67,USD,UAE,Utilities,ATM,,2026-02-03,16,Tuesday
TXN500693,ACC1030,2026-02-03 17:59:00,25.21,USD,Singapore,Wire Transfer,ATM,,2026-02-03,17,Tuesday
TXN500007,ACC1000,2026-02-04 03:58:00,276.25,USD,India,Cash Withdrawal,POS,,2026-02-04,3,Wednesday
TXN500549,ACC1024,2026-02-04 06:45:00,93.13,USD,UK,Travel,ATM,,2026-02-04,6,Wednesday
TXN500281,ACC1012,2026-02-04 07:32:00,73.86,USD,India,Electronics,Online,,2026-02-04,7,Wednesday
TXN500627,ACC1027,2026-02-04 09:18:00,27.37,USD,India,Cash Withdrawal,ATM,,2026-02-04,9,Wednesday
TXN500505,ACC1022,2026-02-04 10:38:00,37.13,USD,UK,Retail,POS,,2026-02-04,10,Wednesday
TXN500333,ACC1014,2026-02-04 11:32:00,71.39,USD,UAE,Travel,Online,,2026-02-04,11,Wednesday
TXN500669,ACC1029,2026-02-04 12:16:00,6.14,USD,UK,Electronics,Online,,2026-02-04,12,Wednesday
TXN500171,ACC1007,2026-02-04 13:48:00,29.95,USD,USA,Travel,Online,,2026-02-04,13,Wednesday
TXN500786,ACC1033,2026-02-04 15:38:00,176.39,USD,UAE,Electronics,POS,,2026-02-04,15,Wednesday
TXN501060,ACC1046,2026-02-04 16:35:00,47.77,USD,India,Wire Transfer,Online,,2026-02-04,16,Wednesday
TXN500861,ACC1037,2026-02-04 17:44:00,80.05,USD,UK,Online Marketplace,Online,,2026-02-04,17,Wednesday
TXN500715,ACC1030,2026-02-05 10:26:00,64.47,USD,Singapore,Dining,ATM,,2026-02-05,10,Thursday
TXN500780,ACC1033,2026-02-05 10:39:00,116.58,USD,UAE,Wire Transfer,POS,,2026-02-05,10,Thursday
TXN501482,ACC1030,2026-02-05 11:00:00,144.44,USD,Singapore,Dining,POS,DUPLICATE,2026-02-05,11,Thursday
TXN501483,ACC1030,2026-02-05 11:08:00,144.44,USD,Singapore,Dining,POS,DUPLICATE,2026-02-05,11,Thursday
TXN501197,ACC1052,2026-02-05 16:40:00,65.52,USD,Singapore,Utilities,Online,,2026-02-05,16,Thursday
TXN500592,ACC1026,2026-02-05 16:51:00,43.38,USD,Singapore,Electronics,ATM,,2026-02-05,16,Thursday
TXN500189,ACC1008,2026-02-05 16:54:00,31.12,USD,India,Wire Transfer,Online,,2026-02-05,16,Thursday
TXN500416,ACC1018,2026-02-05 17:39:00,34.0,USD,India,Electronics,POS,,2026-02-05,17,Thursday
TXN500134,ACC1005,2026-02-05 18:15:00,102.13,USD,UAE,Online Marketplace,ATM,,2026-02-05,18,Thursday
TXN500137,ACC1006,2026-02-05 18:44:00,32.95,USD,India,Utilities,ATM,,2026-02-05,18,Thursday
TXN500415,ACC1018,2026-02-06 03:32:00,89.93,USD,India,Online Marketplace,ATM,,2026-02-06,3,Friday
TXN500342,ACC1015,2026-02-06 07:07:00,83.04,USD,UAE,Retail,POS,,2026-02-06,7,Friday
TXN500104,ACC1004,2026-02-06 07:21:00,32.39,USD,UAE,Cash Withdrawal,ATM,,2026-02-06,7,Friday
TXN500089,ACC1003,2026-02-06 07:50:00,41.4,USD,UAE,Cash Withdrawal,Online,,2026-02-06,7,Friday
TXN501450,ACC1009,2026-02-06 08:00:00,1223.72,USD,USA,Retail,POS,GEO_ANOMALY,2026-02-06,8,Friday
TXN500755,ACC1032,2026-02-06 08:06:00,28.38,USD,UAE,Retail,Online,,2026-02-06,8,Friday
TXN501133,ACC1050,2026-02-06 09:41:00,284.96,USD,Singapore,Cash Withdrawal,POS,,2026-02-06,9,Friday
TXN501069,ACC1047,2026-02-06 09:43:00,43.78,USD,UK,Online Marketplace,ATM,,2026-02-06,9,Friday
TXN500481,ACC1021,2026-02-06 10:49:00,59.43,USD,USA,Travel,ATM,,2026-02-06,10,Friday
TXN501091,ACC1048,2026-02-06 11:00:00,62.52,USD,India,Online Marketplace,Online,,2026-02-06,11,Friday
TXN500455,ACC1020,2026-02-06 11:41:00,41.38,USD,UAE,Online Marketplace,POS,,2026-02-06,11,Friday
TXN501286,ACC1056,2026-02-06 13:10:00,20.12,USD,India,Electronics,Online,,2026-02-06,13,Friday
TXN501006,ACC1044,2026-02-06 13:34:00,95.02,USD,UK,Wire Transfer,Online,,2026-02-06,13,Friday
TXN501451,ACC1009,2026-02-06 14:00:00,920.67,USD,UAE,Cash Withdrawal,ATM,GEO_ANOMALY,2026-02-06,14,Friday
TXN500658,ACC1028,2026-02-06 14:32:00,65.25,USD,UAE,Wire Transfer,Online,,2026-02-06,14,Friday
TXN500450,ACC1020,2026-02-06 14:58:00,25.71,USD,UAE,Electronics,ATM,,2026-02-06,14,Friday
TXN500679,ACC1029,2026-02-06 16:19:00,154.8,USD,UK,Cash Withdrawal,POS,,2026-02-06,16,Friday
TXN500329,ACC1014,2026-02-06 16:32:00,116.95,USD,UAE,Wire Transfer,POS,,2026-02-06,16,Friday
TXN500608,ACC1026,2026-02-07 01:14:00,21.75,USD,Singapore,Utilities,POS,,2026-02-07,1,Saturday
TXN500216,ACC1009,2026-02-07 01:53:00,132.04,USD,USA,Wire Transfer,Online,,2026-02-07,1,Saturday
TXN501484,ACC1026,2026-02-07 02:00:00,4210.73,USD,Singapore,Cash Withdrawal,ATM,OFF_HOURS,2026-02-07,2,Saturday
TXN500908,ACC1039,2026-02-07 07:34:00,130.53,USD,Singapore,Retail,Online,,2026-02-07,7,Saturday
TXN500618,ACC1027,2026-02-07 08:17:00,128.15,USD,India,Electronics,POS,,2026-02-07,8,Saturday
TXN500223,ACC1009,2026-02-07 09:26:00,123.67,USD,USA,Travel,POS,,2026-02-07,9,Saturday
TXN501223,ACC1054,2026-02-07 11:56:00,117.97,USD,UAE,Utilities,Online,,2026-02-07,11,Saturday
TXN500086,ACC1003,2026-02-07 12:12:00,42.45,USD,UAE,Wire Transfer,ATM,,2026-02-07,12,Saturday
TXN500885,ACC1038,2026-02-07 12:23:00,123.19,USD,India,Electronics,POS,,2026-02-07,12,Saturday
TXN500548,ACC1024,2026-02-07 16:45:00,55.55,USD,UK,Electronics,POS,,2026-02-07,16,Saturday
TXN500322,ACC1014,2026-02-07 17:06:00,113.94,USD,UAE,Retail,ATM,,2026-02-07,17,Saturday
TXN500947,ACC1041,2026-02-07 22:09:00,16.9,USD,USA,Utilities,ATM,,2026-02-07,22,Saturday
TXN500759,ACC1033,2026-02-07 22:30:00,30.8,USD,UAE,Electronics,Online,,2026-02-07,22,Saturday
TXN501092,ACC1048,2026-02-08 00:27:00,64.49,USD,India,Utilities,ATM,,2026-02-08,0,Sunday
TXN501159,ACC1051,2026-02-08 04:25:00,161.35,USD,USA,Dining,ATM,,2026-02-08,4,Sunday
TXN500436,ACC1019,2026-02-08 07:19:00,71.28,USD,USA,Utilities,ATM,,2026-02-08,7,Sunday
TXN500214,ACC1009,2026-02-08 07:24:00,119.85,USD,USA,Online Marketplace,POS,,2026-02-08,7,Sunday
TXN501114,ACC1049,2026-02-08 07:56:00,104.18,USD,USA,Retail,ATM,,2026-02-08,7,Sunday
TXN500496,ACC1022,2026-02-08 08:35:00,108.31,USD,UK,Travel,ATM,,2026-02-08,8,Sunday
TXN500822,ACC1035,2026-02-08 10:55:00,237.08,USD,India,Travel,POS,,2026-02-08,10,Sunday
TXN500486,ACC1021,2026-02-08 11:46:00,18.54,USD,USA,Wire Transfer,ATM,,2026-02-08,11,Sunday
TXN500463,ACC1020,2026-02-08 13:36:00,35.53,USD,UAE,Retail,Online,,2026-02-08,13,Sunday
TXN500234,ACC1010,2026-02-08 14:07:00,37.1,USD,UK,Travel,POS,,2026-02-08,14,Sunday
TXN500191,ACC1008,2026-02-08 17:37:00,44.62,USD,India,Online Marketplace,POS,,2026-02-08,17,Sunday
TXN500495,ACC1022,2026-02-08 18:42:00,262.65,USD,UK,Dining,Online,,2026-02-08,18,Sunday
TXN500598,ACC1026,2026-02-08 20:37:00,27.64,USD,Singapore,Electronics,ATM,,2026-02-08,20,Sunday
TXN500124,ACC1005,2026-02-09 05:01:00,18.88,USD,UAE,Utilities,ATM,,2026-02-09,5,Monday
TXN500727,ACC1031,2026-02-09 06:02:00,67.8,USD,Singapore,Electronics,POS,,2026-02-09,6,Monday
TXN500320,ACC1014,2026-02-09 06:13:00,59.32,USD,UAE,Cash Withdrawal,Online,,2026-02-09,6,Monday
TXN500465,ACC1021,2026-02-09 06:43:00,60.27,USD,USA,Utilities,ATM,,2026-02-09,6,Monday
TXN500144,ACC1006,2026-02-09 08:07:00,78.74,USD,India,Dining,Online,,2026-02-09,8,Monday
TXN501259,ACC1055,2026-02-09 08:35:00,35.36,USD,India,Cash Withdrawal,POS,,2026-02-09,8,Monday
TXN500583,ACC1025,2026-02-09 09:50:00,117.86,USD,USA,Dining,ATM,,2026-02-09,9,Monday
TXN500384,ACC1016,2026-02-09 10:45:00,41.55,USD,USA,Online Marketplace,ATM,,2026-02-09,10,Monday
TXN500551,ACC1024,2026-02-09 11:48:00,72.09,USD,UK,Utilities,POS,,2026-02-09,11,Monday
TXN500698,ACC1030,2026-02-09 11:54:00,21.63,USD,Singapore,Electronics,POS,,2026-02-09,11,Monday
TXN500356,ACC1015,2026-02-09 12:52:00,27.05,USD,UAE,Online Marketplace,Online,,2026-02-09,12,Monday
TXN500085,ACC1003,2026-02-09 14:20:00,32.21,USD,UAE,Wire Transfer,ATM,,2026-02-09,14,Monday
TXN501204,ACC1053,2026-02-09 15:57:00,108.74,USD,USA,Travel,Online,,2026-02-09,15,Monday
TXN500074,ACC1003,2026-02-09 17:55:00,272.65,USD,UAE,Dining,POS,,2026-02-09,17,Monday
TXN501279,ACC1056,2026-02-09 20:43:00,79.27,USD,India,Electronics,Online,,2026-02-09,20,Monday
TXN500941,ACC1040,2026-02-10 00:43:00,21.07,USD,Singapore,Electronics,ATM,,2026-02-10,0,Tuesday
TXN500045,ACC1001,2026-02-10 02:37:00,17.63,USD,India,Online Marketplace,ATM,,2026-02-10,2,Tuesday
TXN500877,ACC1038,2026-02-10 05:31:00,41.85,USD,India,Retail,POS,,2026-02-10,5,Tuesday
TXN500301,ACC1013,2026-02-10 06:04:00,31.62,USD,India,Online Marketplace,Online,,2026-02-10,6,Tuesday
TXN501452,ACC1001,2026-02-10 08:00:00,1176.86,USD,India,Retail,POS,GEO_ANOMALY,2026-02-10,8,Tuesday
TXN500676,ACC1029,2026-02-10 08:04:00,33.11,USD,UK,Cash Withdrawal,POS,,2026-02-10,8,Tuesday
TXN501313,ACC1057,2026-02-10 08:50:00,233.03,USD,UAE,Utilities,Online,,2026-02-10,8,Tuesday
TXN501396,ACC1024,2026-02-10 09:34:00,2613.82,USD,UK,Wire Transfer,Wire,STRUCTURING,2026-02-10,9,Tuesday
TXN501042,ACC1045,2026-02-10 09:57:00,44.12,USD,USA,Utilities,POS,,2026-02-10,9,Tuesday
TXN501453,ACC1001,2026-02-10 10:00:00,1154.04,USD,Singapore,Cash Withdrawal,ATM,GEO_ANOMALY,2026-02-10,10,Tuesday
TXN500080,ACC1003,2026-02-10 10:32:00,11.15,USD,UAE,Electronics,Online,,2026-02-10,10,Tuesday
TXN500514,ACC1023,2026-02-10 10:36:00,29.46,USD,UAE,Dining,ATM,,2026-02-10,10,Tuesday
TXN501220,ACC1053,2026-02-10 10:47:00,459.73,USD,USA,Retail,ATM,,2026-02-10,10,Tuesday
TXN501397,ACC1024,2026-02-10 11:01:00,2753.87,USD,UK,Wire Transfer,Wire,STRUCTURING,2026-02-10,11,Tuesday
TXN501149,ACC1050,2026-02-10 12:20:00,280.07,USD,Singapore,Cash Withdrawal,Online,,2026-02-10,12,Tuesday
TXN501398,ACC1024,2026-02-10 12:28:00,2693.67,USD,UK,Wire Transfer,Wire,STRUCTURING,2026-02-10,12,Tuesday
TXN500719,ACC1031,2026-02-10 13:01:00,48.07,USD,Singapore,Utilities,POS,,2026-02-10,13,Tuesday
TXN501399,ACC1024,2026-02-10 13:31:00,2931.62,USD,UK,Wire Transfer,Wire,STRUCTURING,2026-02-10,13,Tuesday
TXN500084,ACC1003,2026-02-10 14:07:00,41.83,USD,UAE,Utilities,ATM,,2026-02-10,14,Tuesday
TXN500262,ACC1011,2026-02-10 14:23:00,63.21,USD,India,Travel,ATM,,2026-02-10,14,Tuesday
TXN500386,ACC1016,2026-02-10 14:28:00,76.35,USD,USA,Online Marketplace,ATM,,2026-02-10,14,Tuesday
TXN500378,ACC1016,2026-02-10 14:45:00,78.65,USD,USA,Electronics,ATM,,2026-02-10,14,Tuesday
TXN501271,ACC1055,2026-02-10 15:17:00,178.07,USD,India,Wire Transfer,POS,,2026-02-10,15,Tuesday
TXN501319,ACC1057,2026-02-10 15:25:00,38.53,USD,UAE,Wire Transfer,Online,,2026-02-10,15,Tuesday
TXN500402,ACC1017,2026-02-10 15:55:00,38.88,USD,USA,Cash Withdrawal,Online,,2026-02-10,15,Tuesday
TXN501207,ACC1053,2026-02-10 17:09:00,35.45,USD,USA,Retail,Online,,2026-02-10,17,Tuesday
TXN500824,ACC1035,2026-02-10 17:11:00,48.11,USD,India,Electronics,Online,,2026-02-10,17,Tuesday
TXN501122,ACC1049,2026-02-10 23:50:00,194.09,USD,USA,Cash Withdrawal,Online,,2026-02-10,23,Tuesday
TXN500734,ACC1031,2026-02-11 06:10:00,14.41,USD,Singapore,Wire Transfer,ATM,,2026-02-11,6,Wednesday
TXN500700,ACC1030,2026-02-11 06:45:00,56.46,USD,Singapore,Dining,Online,,2026-02-11,6,Wednesday
TXN500594,ACC1026,2026-02-11 07:07:00,90.04,USD,Singapore,Utilities,ATM,,2026-02-11,7,Wednesday
TXN500694,ACC1030,2026-02-11 09:17:00,116.09,USD,Singapore,Dining,POS,,2026-02-11,9,Wednesday
TXN501247,ACC1054,2026-02-11 09:24:00,68.76,USD,UAE,Electronics,Online,,2026-02-11,9,Wednesday
TXN500117,ACC1004,2026-02-11 09:56:00,64.64,USD,UAE,Wire Transfer,Online,,2026-02-11,9,Wednesday
TXN500929,ACC1040,2026-02-11 10:50:00,272.86,USD,Singapore,Electronics,Online,,2026-02-11,10,Wednesday
TXN500021,ACC1000,2026-02-11 11:07:00,249.41,USD,India,Cash Withdrawal,Online,,2026-02-11,11,Wednesday
TXN501472,ACC1034,2026-02-11 12:00:00,1000.0,USD,Singapore,Wire Transfer,Wire,ROUND_AMOUNT,2026-02-11,12,Wednesday
TXN500169,ACC1007,2026-02-11 13:01:00,53.47,USD,USA,Electronics,POS,,2026-02-11,13,Wednesday
TXN500256,ACC1011,2026-02-11 13:04:00,43.13,USD,India,Travel,Online,,2026-02-11,13,Wednesday
TXN501470,ACC1048,2026-02-11 15:00:00,2000.0,USD,India,Wire Transfer,Wire,ROUND_AMOUNT,2026-02-11,15,Wednesday
TXN500206,ACC1008,2026-02-11 16:18:00,28.67,USD,India,Cash Withdrawal,Online,,2026-02-11,16,Wednesday
TXN500808,ACC1034,2026-02-11 17:16:00,43.34,USD,Singapore,Utilities,POS,,2026-02-11,17,Wednesday
TXN500774,ACC1033,2026-02-11 17:33:00,160.02,USD,UAE,Online Marketplace,POS,,2026-02-11,17,Wednesday
TXN501218,ACC1053,2026-02-11 17:56:00,85.72,USD,USA,Dining,Online,,2026-02-11,17,Wednesday
TXN500432,ACC1019,2026-02-11 23:30:00,10.64,USD,USA,Wire Transfer,Online,,2026-02-11,23,Wednesday
TXN500938,ACC1040,2026-02-12 01:04:00,126.16,USD,Singapore,Retail,POS,,2026-02-12,1,Thursday
TXN500313,ACC1013,2026-02-12 04:43:00,140.17,USD,India,Wire Transfer,Online,,2026-02-12,4,Thursday
TXN500244,ACC1010,2026-02-12 07:08:00,145.36,USD,UK,Dining,POS,,2026-02-12,7,Thursday
TXN501067,ACC1046,2026-02-12 08:23:00,20.8,USD,India,Utilities,Online,,2026-02-12,8,Thursday
TXN501257,ACC1055,2026-02-12 09:51:00,300.46,USD,India,Dining,POS,,2026-02-12,9,Thursday
TXN501202,ACC1052,2026-02-12 11:08:00,45.31,USD,Singapore,Dining,ATM,,2026-02-12,11,Thursday
TXN500107,ACC1004,2026-02-12 12:26:00,364.15,USD,UAE,Retail,POS,,2026-02-12,12,Thursday
TXN501249,ACC1055,2026-02-12 12:33:00,82.3,USD,India,Dining,ATM,,2026-02-12,12,Thursday
TXN500882,ACC1038,2026-02-12 12:39:00,41.36,USD,India,Online Marketplace,ATM,,2026-02-12,12,Thursday
TXN500825,ACC1035,2026-02-12 14:11:00,44.66,USD,India,Cash Withdrawal,ATM,,2026-02-12,14,Thursday
TXN500817,ACC1034,2026-02-12 14:14:00,84.8,USD,Singapore,Cash Withdrawal,POS,,2026-02-12,14,Thursday
TXN500424,ACC1018,2026-02-12 14:26:00,159.88,USD,India,Utilities,ATM,,2026-02-12,14,Thursday
TXN500071,ACC1003,2026-02-12 16:26:00,92.32,USD,UAE,Dining,Online,,2026-02-12,16,Thursday
TXN501262,ACC1055,2026-02-12 17:59:00,71.41,USD,India,Online Marketplace,Online,,2026-02-12,17,Thursday
TXN500729,ACC1031,2026-02-12 20:12:00,41.03,USD,Singapore,Travel,Online,,2026-02-12,20,Thursday
TXN500874,ACC1037,2026-02-12 22:03:00,34.54,USD,UK,Dining,ATM,,2026-02-12,22,Thursday
TXN500135,ACC1006,2026-02-13 01:54:00,29.15,USD,India,Cash Withdrawal,POS,,2026-02-13,1,Friday
TXN501041,ACC1045,2026-02-13 03:59:00,303.55,USD,USA,Travel,Online,,2026-02-13,3,Friday
TXN500889,ACC1038,2026-02-13 05:26:00,113.48,USD,India,Retail,ATM,,2026-02-13,5,Friday
TXN500016,ACC1000,2026-02-13 05:27:00,40.2,USD,India,Travel,Online,,2026-02-13,5,Friday
TXN500860,ACC1037,2026-02-13 06:25:00,117.88,USD,UK,Wire Transfer,Online,,2026-02-13,6,Friday
TXN501303,ACC1057,2026-02-13 07:44:00,56.97,USD,UAE,Wire Transfer,Online,,2026-02-13,7,Friday
TXN500295,ACC1012,2026-02-13 07:49:00,91.96,USD,India,Travel,POS,,2026-02-13,7,Friday
TXN501072,ACC1047,2026-02-13 10:39:00,102.45,USD,UK,Wire Transfer,POS,,2026-02-13,10,Friday
TXN500422,ACC1018,2026-02-13 12:32:00,323.7,USD,India,Online Marketplace,ATM,,2026-02-13,12,Friday
TXN500869,ACC1037,2026-02-13 12:44:00,120.63,USD,UK,Electronics,Online,,2026-02-13,12,Friday
TXN501360,ACC1059,2026-02-13 14:11:00,78.65,USD,India,Cash Withdrawal,ATM,,2026-02-13,14,Friday
TXN500112,ACC1004,2026-02-13 14:51:00,65.11,USD,UAE,Wire Transfer,ATM,,2026-02-13,14,Friday
TXN500783,ACC1033,2026-02-13 17:19:00,93.9,USD,UAE,Utilities,Online,,2026-02-13,17,Friday
TXN500323,ACC1014,2026-02-13 18:39:00,31.93,USD,UAE,Travel,ATM,,2026-02-13,18,Friday
TXN501199,ACC1052,2026-02-13 19:42:00,81.57,USD,Singapore,Travel,POS,,2026-02-13,19,Friday
TXN501036,ACC1045,2026-02-13 22:29:00,274.95,USD,USA,Online Marketplace,ATM,,2026-02-13,22,Friday
TXN500360,ACC1015,2026-02-13 22:31:00,31.67,USD,UAE,Online Marketplace,Online,,2026-02-13,22,Friday
TXN500484,ACC1021,2026-02-14 05:34:00,80.09,USD,USA,Wire Transfer,ATM,,2026-02-14,5,Saturday
TXN500119,ACC1005,2026-02-14 07:04:00,186.52,USD,UAE,Retail,POS,,2026-02-14,7,Saturday
TXN500925,ACC1039,2026-02-14 07:13:00,195.5,USD,Singapore,Cash Withdrawal,Online,,2026-02-14,7,Saturday
TXN501177,ACC1052,2026-02-14 07:22:00,14.53,USD,Singapore,Retail,Online,,2026-02-14,7,Saturday
TXN500951,ACC1041,2026-02-14 07:57:00,53.67,USD,USA,Travel,POS,,2026-02-14,7,Saturday
TXN501377,ACC1041,2026-02-14 09:25:00,2785.03,USD,USA,Wire Transfer,Wire,STRUCTURING,2026-02-14,9,Saturday
TXN501052,ACC1045,2026-02-14 10:43:00,95.22,USD,USA,Travel,Online,,2026-02-14,10,Saturday
TXN501378,ACC1041,2026-02-14 11:02:00,2716.05,USD,USA,Wire Transfer,Wire,STRUCTURING,2026-02-14,11,Saturday
TXN500982,ACC1043,2026-02-14 11:30:00,97.8,USD,India,Retail,ATM,,2026-02-14,11,Saturday
TXN501298,ACC1056,2026-02-14 11:54:00,51.35,USD,India,Travel,Online,,2026-02-14,11,Saturday
TXN501379,ACC1041,2026-02-14 12:31:00,2789.18,USD,USA,Wire Transfer,Wire,STRUCTURING,2026-02-14,12,Saturday
TXN500438,ACC1019,2026-02-14 12:59:00,19.26,USD,USA,Utilities,Online,,2026-02-14,12,Saturday
TXN501299,ACC1056,2026-02-14 13:08:00,84.83,USD,India,Electronics,Online,,2026-02-14,13,Saturday
TXN500644,ACC1028,2026-02-14 15:40:00,17.24,USD,UAE,Travel,Online,,2026-02-14,15,Saturday
TXN500778,ACC1033,2026-02-14 18:16:00,53.37,USD,UAE,Wire Transfer,ATM,,2026-02-14,18,Saturday
TXN500390,ACC1017,2026-02-14 21:33:00,39.68,USD,USA,Utilities,POS,,2026-02-14,21,Saturday
TXN500440,ACC1019,2026-02-14 21:51:00,63.43,USD,USA,Travel,Online,,2026-02-14,21,Saturday
TXN501314,ACC1057,2026-02-14 23:37:00,110.17,USD,UAE,Retail,ATM,,2026-02-14,23,Saturday
TXN500956,ACC1041,2026-02-15 06:41:00,182.28,USD,USA,Dining,POS,,2026-02-15,6,Sunday
TXN501328,ACC1058,2026-02-15 07:27:00,58.58,USD,Singapore,Retail,ATM,,2026-02-15,7,Sunday
TXN501291,ACC1056,2026-02-15 08:52:00,94.61,USD,India,Dining,ATM,,2026-02-15,8,Sunday
TXN501196,ACC1052,2026-02-15 09:19:00,99.13,USD,Singapore,Dining,ATM,,2026-02-15,9,Sunday
TXN500546,ACC1024,2026-02-15 12:24:00,32.55,USD,UK,Wire Transfer,POS,,2026-02-15,12,Sunday
TXN500554,ACC1024,2026-02-15 12:38:00,83.85,USD,UK,Cash Withdrawal,Online,,2026-02-15,12,Sunday
TXN500814,ACC1034,2026-02-15 12:54:00,79.59,USD,Singapore,Travel,ATM,,2026-02-15,12,Sunday
TXN501028,ACC1044,2026-02-15 14:25:00,74.29,USD,UK,Dining,ATM,,2026-02-15,14,Sunday
TXN500434,ACC1019,2026-02-15 14:55:00,127.2,USD,USA,Utilities,ATM,,2026-02-15,14,Sunday
TXN500249,ACC1010,2026-02-15 16:15:00,326.66,USD,UK,Cash Withdrawal,POS,,2026-02-15,16,Sunday
TXN501084,ACC1047,2026-02-15 17:20:00,432.28,USD,UK,Online Marketplace,Online,,2026-02-15,17,Sunday
TXN500597,ACC1026,2026-02-15 17:39:00,52.31,USD,Singapore,Travel,ATM,,2026-02-15,17,Sunday
TXN501338,ACC1058,2026-02-15 22:51:00,50.79,USD,Singapore,Utilities,Online,,2026-02-15,22,Sunday
TXN500757,ACC1032,2026-02-16 00:05:00,103.96,USD,UAE,Utilities,ATM,,2026-02-16,0,Monday
TXN500348,ACC1015,2026-02-16 03:33:00,18.79,USD,UAE,Retail,Online,,2026-02-16,3,Monday
TXN501231,ACC1054,2026-02-16 04:45:00,40.38,USD,UAE,Wire Transfer,ATM,,2026-02-16,4,Monday
TXN501138,ACC1050,2026-02-16 07:45:00,22.09,USD,Singapore,Electronics,POS,,2026-02-16,7,Monday
TXN501448,ACC1037,2026-02-16 08:00:00,1309.61,USD,UK,Retail,POS,GEO_ANOMALY,2026-02-16,8,Monday
TXN500926,ACC1039,2026-02-16 08:48:00,16.93,USD,Singapore,Online Marketplace,ATM,,2026-02-16,8,Monday
TXN501089,ACC1048,2026-02-16 10:09:00,52.82,USD,India,Utilities,POS,,2026-02-16,10,Monday
TXN501449,ACC1037,2026-02-16 13:00:00,1307.77,USD,USA,Cash Withdrawal,ATM,GEO_ANOMALY,2026-02-16,13,Monday
TXN501055,ACC1046,2026-02-16 13:16:00,40.64,USD,India,Travel,ATM,,2026-02-16,13,Monday
TXN500985,ACC1043,2026-02-16 13:52:00,66.47,USD,India,Electronics,ATM,,2026-02-16,13,Monday
TXN500418,ACC1018,2026-02-16 16:12:00,74.0,USD,India,Wire Transfer,ATM,,2026-02-16,16,Monday
TXN500856,ACC1036,2026-02-16 16:20:00,39.9,USD,India,Wire Transfer,ATM,,2026-02-16,16,Monday
TXN500413,ACC1018,2026-02-16 16:23:00,16.77,USD,India,Retail,Online,,2026-02-16,16,Monday
TXN500881,ACC1038,2026-02-16 17:52:00,648.23,USD,India,Dining,Online,,2026-02-16,17,Monday
TXN501158,ACC1051,2026-02-16 18:15:00,506.33,USD,USA,Dining,Online,,2026-02-16,18,Monday
TXN500504,ACC1022,2026-02-17 04:46:00,110.68,USD,UK,Dining,POS,,2026-02-17,4,Tuesday
TXN500231,ACC1010,2026-02-17 05:14:00,34.56,USD,UK,Online Marketplace,POS,,2026-02-17,5,Tuesday
TXN500270,ACC1011,2026-02-17 05:17:00,75.01,USD,India,Dining,Online,,2026-02-17,5,Tuesday
TXN500762,ACC1033,2026-02-17 06:02:00,74.43,USD,UAE,Utilities,Online,,2026-02-17,6,Tuesday
TXN500240,ACC1010,2026-02-17 07:28:00,143.62,USD,UK,Dining,Online,,2026-02-17,7,Tuesday
TXN501058,ACC1046,2026-02-17 09:25:00,191.61,USD,India,Utilities,Online,,2026-02-17,9,Tuesday
TXN501388,ACC1002,2026-02-17 09:35:00,2511.72,USD,Singapore,Wire Transfer,Wire,STRUCTURING,2026-02-17,9,Tuesday
TXN500002,ACC1000,2026-02-17 09:42:00,58.88,USD,India,Utilities,ATM,,2026-02-17,9,Tuesday
TXN500359,ACC1015,2026-02-17 10:25:00,89.16,USD,UAE,Online Marketplace,Online,,2026-02-17,10,Tuesday
TXN500580,ACC1025,2026-02-17 10:49:00,186.68,USD,USA,Travel,Online,,2026-02-17,10,Tuesday
TXN501389,ACC1002,2026-02-17 10:54:00,2421.63,USD,Singapore,Wire Transfer,Wire,STRUCTURING,2026-02-17,10,Tuesday
TXN500690,ACC1029,2026-02-17 11:47:00,99.47,USD,UK,Electronics,ATM,,2026-02-17,11,Tuesday
TXN501390,ACC1002,2026-02-17 12:19:00,2763.4,USD,Singapore,Wire Transfer,Wire,STRUCTURING,2026-02-17,12,Tuesday
TXN501013,ACC1044,2026-02-17 12:30:00,431.7,USD,UK,Utilities,Online,,2026-02-17,12,Tuesday
TXN500931,ACC1040,2026-02-17 12:32:00,40.46,USD,Singapore,Online Marketplace,Online,,2026-02-17,12,Tuesday
TXN500682,ACC1029,2026-02-17 13:31:00,24.14,USD,UK,Dining,ATM,,2026-02-17,13,Tuesday
TXN501048,ACC1045,2026-02-17 13:31:00,16.14,USD,USA,Utilities,Online,,2026-02-17,13,Tuesday
TXN501391,ACC1002,2026-02-17 13:36:00,2782.74,USD,Singapore,Wire Transfer,Wire,STRUCTURING,2026-02-17,13,Tuesday
TXN500328,ACC1014,2026-02-17 14:36:00,135.98,USD,UAE,Online Marketplace,Online,,2026-02-17,14,Tuesday
TXN500237,ACC1010,2026-02-17 14:47:00,10.78,USD,UK,Wire Transfer,ATM,,2026-02-17,14,Tuesday
TXN501392,ACC1002,2026-02-17 15:22:00,2746.84,USD,Singapore,Wire Transfer,Wire,STRUCTURING,2026-02-17,15,Tuesday
TXN500793,ACC1034,2026-02-17 17:32:00,85.15,USD,Singapore,Wire Transfer,ATM,,2026-02-17,17,Tuesday
TXN500641,ACC1028,2026-02-17 18:08:00,49.29,USD,UAE,Wire Transfer,POS,,2026-02-17,18,Tuesday
TXN501316,ACC1057,2026-02-17 19:03:00,20.48,USD,UAE,Retail,ATM,,2026-02-17,19,Tuesday
TXN500311,ACC1013,2026-02-17 20:24:00,54.82,USD,India,Wire Transfer,Online,,2026-02-17,20,Tuesday
TXN500830,ACC1035,2026-02-17 21:57:00,51.75,USD,India,Cash Withdrawal,ATM,,2026-02-17,21,Tuesday
TXN501233,ACC1054,2026-02-18 02:10:00,61.59,USD,UAE,Cash Withdrawal,ATM,,2026-02-18,2,Wednesday
TXN500324,ACC1014,2026-02-18 06:11:00,438.41,USD,UAE,Travel,ATM,,2026-02-18,6,Wednesday
TXN500557,ACC1024,2026-02-18 06:17:00,43.0,USD,UK,Utilities,Online,,2026-02-18,6,Wednesday
TXN500567,ACC1025,2026-02-18 08:50:00,10.65,USD,USA,Wire Transfer,Online,,2026-02-18,8,Wednesday
TXN500997,ACC1043,2026-02-18 10:06:00,336.27,USD,India,Retail,POS,,2026-02-18,10,Wednesday
TXN500945,ACC1041,2026-02-18 10:42:00,351.42,USD,USA,Retail,Online,,2026-02-18,10,Wednesday
TXN500483,ACC1021,2026-02-18 10:43:00,15.71,USD,USA,Travel,ATM,,2026-02-18,10,Wednesday
TXN500109,ACC1004,2026-02-18 11:22:00,84.08,USD,UAE,Utilities,Online,,2026-02-18,11,Wednesday
TXN500156,ACC1006,2026-02-18 11:28:00,35.06,USD,India,Utilities,ATM,,2026-02-18,11,Wednesday
TXN501200,ACC1052,2026-02-18 12:43:00,227.63,USD,Singapore,Dining,Online,,2026-02-18,12,Wednesday
TXN501191,ACC1052,2026-02-18 12:45:00,73.32,USD,Singapore,Electronics,Online,,2026-02-18,12,Wednesday
TXN500711,ACC1030,2026-02-18 14:11:00,80.63,USD,Singapore,Cash Withdrawal,POS,,2026-02-18,14,Wednesday
TXN500087,ACC1003,2026-02-18 14:57:00,152.0,USD,UAE,Travel,ATM,,2026-02-18,14,Wednesday
TXN500487,ACC1021,2026-02-18 17:15:00,37.27,USD,USA,Online Marketplace,Online,,2026-02-18,17,Wednesday
TXN500803,ACC1034,2026-02-18 17:29:00,72.71,USD,Singapore,Utilities,POS,,2026-02-18,17,Wednesday
TXN500686,ACC1029,2026-02-18 17:46:00,126.68,USD,UK,Utilities,POS,,2026-02-18,17,Wednesday
TXN500981,ACC1043,2026-02-18 22:14:00,135.26,USD,India,Wire Transfer,Online,,2026-02-18,22,Wednesday
TXN501289,ACC1056,2026-02-19 02:27:00,24.7,USD,India,Wire Transfer,POS,,2026-02-19,2,Thursday
TXN500652,ACC1028,2026-02-19 05:31:00,183.81,USD,UAE,Electronics,ATM,,2026-02-19,5,Thursday
TXN500042,ACC1001,2026-02-19 08:50:00,77.81,USD,India,Online Marketplace,Online,,2026-02-19,8,Thursday
TXN501371,ACC1059,2026-02-19 09:03:00,57.07,USD,India,Utilities,Online,,2026-02-19,9,Thursday
TXN500550,ACC1024,2026-02-19 09:06:00,38.72,USD,UK,Electronics,POS,,2026-02-19,9,Thursday
TXN500896,ACC1038,2026-02-19 10:38:00,119.56,USD,India,Dining,Online,,2026-02-19,10,Thursday
TXN501214,ACC1053,2026-02-19 11:08:00,149.22,USD,USA,Travel,POS,,2026-02-19,11,Thursday
TXN500745,ACC1032,2026-02-19 11:26:00,106.26,USD,UAE,Travel,Online,,2026-02-19,11,Thursday
TXN500833,ACC1035,2026-02-19 12:19:00,27.01,USD,India,Travel,POS,,2026-02-19,12,Thursday
TXN500596,ACC1026,2026-02-19 13:37:00,42.14,USD,Singapore,Electronics,Online,,2026-02-19,13,Thursday
TXN500895,ACC1038,2026-02-19 14:38:00,231.35,USD,India,Cash Withdrawal,ATM,,2026-02-19,14,Thursday
TXN500654,ACC1028,2026-02-19 17:36:00,24.63,USD,UAE,Wire Transfer,Online,,2026-02-19,17,Thursday
TXN501022,ACC1044,2026-02-19 20:25:00,39.79,USD,UK,Utilities,ATM,,2026-02-19,20,Thursday
TXN500370,ACC1016,2026-02-19 21:02:00,33.26,USD,USA,Travel,ATM,,2026-02-19,21,Thursday
TXN501019,ACC1044,2026-02-19 22:00:00,49.98,USD,UK,Electronics,POS,,2026-02-19,22,Thursday
TXN500336,ACC1014,2026-02-19 23:23:00,58.42,USD,UAE,Dining,POS,,2026-02-19,23,Thursday
TXN500530,ACC1023,2026-02-20 03:25:00,29.55,USD,UAE,Online Marketplace,ATM,,2026-02-20,3,Friday
TXN501170,ACC1051,2026-02-20 06:21:00,143.75,USD,USA,Electronics,Online,,2026-02-20,6,Friday
TXN501373,ACC1059,2026-02-20 06:31:00,19.4,USD,India,Electronics,POS,,2026-02-20,6,Friday
TXN501296,ACC1056,2026-02-20 06:58:00,61.01,USD,India,Cash Withdrawal,Online,,2026-02-20,6,Friday
TXN500970,ACC1042,2026-02-20 07:49:00,18.4,USD,Singapore,Utilities,POS,,2026-02-20,7,Friday
TXN500242,ACC1010,2026-02-20 08:07:00,60.14,USD,UK,Online Marketplace,POS,,2026-02-20,8,Friday
TXN500760,ACC1033,2026-02-20 11:57:00,125.25,USD,UAE,Utilities,POS,,2026-02-20,11,Friday
TXN500701,ACC1030,2026-02-20 12:43:00,41.66,USD,Singapore,Utilities,Online,,2026-02-20,12,Friday
TXN501195,ACC1052,2026-02-20 15:01:00,15.9,USD,Singapore,Cash Withdrawal,ATM,,2026-02-20,15,Friday
TXN501012,ACC1044,2026-02-20 16:26:00,79.67,USD,UK,Online Marketplace,POS,,2026-02-20,16,Friday
TXN500288,ACC1012,2026-02-20 17:02:00,113.24,USD,India,Wire Transfer,POS,,2026-02-20,17,Friday
TXN500781,ACC1033,2026-02-20 18:21:00,78.25,USD,UAE,Dining,POS,,2026-02-20,18,Friday
TXN500897,ACC1038,2026-02-20 22:18:00,57.37,USD,India,Online Marketplace,POS,,2026-02-20,22,Friday
TXN500812,ACC1034,2026-02-21 10:02:00,44.89,USD,Singapore,Dining,Online,,2026-02-21,10,Saturday
TXN500261,ACC1011,2026-02-21 10:06:00,28.96,USD,India,Cash Withdrawal,Online,,2026-02-21,10,Saturday
TXN500533,ACC1023,2026-02-21 10:35:00,62.84,USD,UAE,Online Marketplace,POS,,2026-02-21,10,Saturday
TXN500878,ACC1038,2026-02-21 10:35:00,81.57,USD,India,Retail,POS,,2026-02-21,10,Saturday
TXN500294,ACC1012,2026-02-21 12:25:00,143.26,USD,India,Utilities,ATM,,2026-02-21,12,Saturday
TXN500574,ACC1025,2026-02-21 12:59:00,54.75,USD,USA,Wire Transfer,ATM,,2026-02-21,12,Saturday
TXN500991,ACC1043,2026-02-21 13:36:00,80.44,USD,India,Retail,ATM,,2026-02-21,13,Saturday
TXN500589,ACC1026,2026-02-21 14:11:00,140.79,USD,Singapore,Wire Transfer,Online,,2026-02-21,14,Saturday
TXN500810,ACC1034,2026-02-21 14:43:00,29.81,USD,Singapore,Travel,ATM,,2026-02-21,14,Saturday
TXN500036,ACC1001,2026-02-21 15:51:00,22.23,USD,India,Electronics,POS,,2026-02-21,15,Saturday
TXN501219,ACC1053,2026-02-21 16:38:00,31.44,USD,USA,Wire Transfer,ATM,,2026-02-21,16,Saturday
TXN500875,ACC1038,2026-02-21 17:05:00,64.73,USD,India,Online Marketplace,Online,,2026-02-21,17,Saturday
TXN500041,ACC1001,2026-02-21 19:10:00,129.62,USD,India,Wire Transfer,POS,,2026-02-21,19,Saturday
TXN500988,ACC1043,2026-02-22 01:02:00,146.88,USD,India,Travel,ATM,,2026-02-22,1,Sunday
TXN500684,ACC1029,2026-02-22 01:34:00,103.59,USD,UK,Cash Withdrawal,ATM,,2026-02-22,1,Sunday
TXN501362,ACC1059,2026-02-22 04:06:00,112.32,USD,India,Online Marketplace,Online,,2026-02-22,4,Sunday
TXN500522,ACC1023,2026-02-22 06:40:00,108.75,USD,UAE,Dining,POS,,2026-02-22,6,Sunday
TXN501216,ACC1053,2026-02-22 07:42:00,204.99,USD,USA,Dining,POS,,2026-02-22,7,Sunday
TXN501227,ACC1054,2026-02-22 09:01:00,69.37,USD,UAE,Travel,Online,,2026-02-22,9,Sunday
TXN500940,ACC1040,2026-02-22 10:40:00,40.14,USD,Singapore,Wire Transfer,Online,,2026-02-22,10,Sunday
TXN501240,ACC1054,2026-02-22 11:38:00,288.75,USD,UAE,Retail,POS,,2026-02-22,11,Sunday
TXN500139,ACC1006,2026-02-22 11:48:00,138.68,USD,India,Dining,ATM,,2026-02-22,11,Sunday
TXN500800,ACC1034,2026-02-22 12:55:00,68.5,USD,Singapore,Retail,Online,,2026-02-22,12,Sunday
TXN501349,ACC1058,2026-02-22 16:15:00,19.49,USD,Singapore,Online Marketplace,ATM,,2026-02-22,16,Sunday
TXN500385,ACC1016,2026-02-22 16:52:00,33.68,USD,USA,Electronics,POS,,2026-02-22,16,Sunday
TXN501094,ACC1048,2026-02-22 18:27:00,69.88,USD,India,Wire Transfer,POS,,2026-02-22,18,Sunday
TXN500714,ACC1030,2026-02-22 18:30:00,95.51,USD,Singapore,Retail,POS,,2026-02-22,18,Sunday
TXN501265,ACC1055,2026-02-22 20:03:00,77.67,USD,India,Utilities,ATM,,2026-02-22,20,Sunday
TXN500619,ACC1027,2026-02-22 20:17:00,102.81,USD,India,Travel,ATM,,2026-02-22,20,Sunday
TXN501039,ACC1045,2026-02-22 21:33:00,81.61,USD,USA,Retail,ATM,,2026-02-22,21,Sunday
TXN501208,ACC1053,2026-02-22 22:19:00,36.72,USD,USA,Online Marketplace,ATM,,2026-02-22,22,Sunday
TXN500502,ACC1022,2026-02-22 22:35:00,371.84,USD,UK,Travel,Online,,2026-02-22,22,Sunday
TXN500776,ACC1033,2026-02-23 06:36:00,16.23,USD,UAE,Electronics,POS,,2026-02-23,6,Monday
TXN500347,ACC1015,2026-02-23 06:42:00,18.11,USD,UAE,Electronics,ATM,,2026-02-23,6,Monday
TXN500406,ACC1017,2026-02-23 07:55:00,116.81,USD,USA,Travel,Online,,2026-02-23,7,Monday
TXN500118,ACC1004,2026-02-23 08:05:00,23.29,USD,UAE,Online Marketplace,POS,,2026-02-23,8,Monday
TXN500559,ACC1024,2026-02-23 08:50:00,95.11,USD,UK,Electronics,Online,,2026-02-23,8,Monday
TXN500622,ACC1027,2026-02-23 10:04:00,101.93,USD,India,Electronics,Online,,2026-02-23,10,Monday
TXN500499,ACC1022,2026-02-23 10:19:00,30.32,USD,UK,Wire Transfer,POS,,2026-02-23,10,Monday
TXN500108,ACC1004,2026-02-23 10:49:00,78.03,USD,UAE,Retail,ATM,,2026-02-23,10,Monday
TXN500110,ACC1004,2026-02-23 12:47:00,62.36,USD,UAE,Dining,Online,,2026-02-23,12,Monday
TXN500397,ACC1017,2026-02-23 13:01:00,14.27,USD,USA,Online Marketplace,ATM,,2026-02-23,13,Monday
TXN501428,ACC1056,2026-02-23 14:00:00,248.6,USD,India,Online Marketplace,Online,VELOCITY,2026-02-23,14,Monday
TXN501429,ACC1056,2026-02-23 14:05:00,587.44,USD,India,Online Marketplace,Online,VELOCITY,2026-02-23,14,Monday
TXN501430,ACC1056,2026-02-23 14:10:00,379.5,USD,India,Online Marketplace,Online,VELOCITY,2026-02-23,14,Monday
TXN501431,ACC1056,2026-02-23 14:15:00,151.41,USD,India,Online Marketplace,Online,VELOCITY,2026-02-23,14,Monday
TXN501432,ACC1056,2026-02-23 14:20:00,514.94,USD,India,Online Marketplace,Online,VELOCITY,2026-02-23,14,Monday
TXN501433,ACC1056,2026-02-23 14:25:00,492.41,USD,India,Online Marketplace,Online,VELOCITY,2026-02-23,14,Monday
TXN501434,ACC1056,2026-02-23 14:30:00,477.4,USD,India,Online Marketplace,Online,VELOCITY,2026-02-23,14,Monday
TXN501435,ACC1056,2026-02-23 14:35:00,388.4,USD,India,Online Marketplace,Online,VELOCITY,2026-02-23,14,Monday
TXN500343,ACC1015,2026-02-23 14:39:00,83.14,USD,UAE,Online Marketplace,POS,,2026-02-23,14,Monday
TXN501436,ACC1056,2026-02-23 14:40:00,254.46,USD,India,Online Marketplace,Online,VELOCITY,2026-02-23,14,Monday
TXN501437,ACC1056,2026-02-23 14:45:00,142.79,USD,India,Online Marketplace,Online,VELOCITY,2026-02-23,14,Monday
TXN500818,ACC1035,2026-02-23 16:21:00,148.51,USD,India,Cash Withdrawal,Online,,2026-02-23,16,Monday
TXN500452,ACC1020,2026-02-23 18:11:00,157.53,USD,UAE,Retail,Online,,2026-02-23,18,Monday
TXN500094,ACC1004,2026-02-23 18:36:00,49.66,USD,UAE,Dining,ATM,,2026-02-23,18,Monday
TXN500864,ACC1037,2026-02-23 19:30:00,335.72,USD,UK,Online Marketplace,POS,,2026-02-23,19,Monday
TXN501164,ACC1051,2026-02-23 20:07:00,15.17,USD,USA,Dining,ATM,,2026-02-23,20,Monday
TXN500767,ACC1033,2026-02-23 22:43:00,64.62,USD,UAE,Online Marketplace,ATM,,2026-02-23,22,Monday
TXN500346,ACC1015,2026-02-24 00:22:00,82.17,USD,UAE,Dining,ATM,,2026-02-24,0,Tuesday
TXN500960,ACC1042,2026-02-24 06:20:00,99.78,USD,Singapore,Dining,POS,,2026-02-24,6,Tuesday
TXN500918,ACC1039,2026-02-24 08:16:00,78.88,USD,Singapore,Travel,POS,,2026-02-24,8,Tuesday
TXN500157,ACC1006,2026-02-24 08:39:00,357.52,USD,India,Retail,ATM,,2026-02-24,8,Tuesday
TXN500647,ACC1028,2026-02-24 09:08:00,5.89,USD,UAE,Dining,Online,,2026-02-24,9,Tuesday
TXN501051,ACC1045,2026-02-24 11:34:00,37.98,USD,USA,Retail,ATM,,2026-02-24,11,Tuesday
TXN500013,ACC1000,2026-02-24 13:24:00,82.91,USD,India,Wire Transfer,ATM,,2026-02-24,13,Tuesday
TXN500290,ACC1012,2026-02-24 13:45:00,38.08,USD,India,Wire Transfer,Online,,2026-02-24,13,Tuesday
TXN500255,ACC1010,2026-02-24 14:31:00,16.99,USD,UK,Online Marketplace,POS,,2026-02-24,14,Tuesday
TXN500043,ACC1001,2026-02-24 15:46:00,60.09,USD,India,Online Marketplace,POS,,2026-02-24,15,Tuesday
TXN500083,ACC1003,2026-02-25 03:42:00,252.17,USD,UAE,Cash Withdrawal,ATM,,2026-02-25,3,Wednesday
TXN500264,ACC1011,2026-02-25 04:47:00,26.52,USD,India,Cash Withdrawal,POS,,2026-02-25,4,Wednesday
TXN500578,ACC1025,2026-02-25 05:06:00,133.46,USD,USA,Utilities,POS,,2026-02-25,5,Wednesday
TXN500282,ACC1012,2026-02-25 05:43:00,121.02,USD,India,Online Marketplace,ATM,,2026-02-25,5,Wednesday
TXN500753,ACC1032,2026-02-25 06:06:00,27.71,USD,UAE,Cash Withdrawal,POS,,2026-02-25,6,Wednesday
TXN500286,ACC1012,2026-02-25 06:24:00,11.51,USD,India,Dining,ATM,,2026-02-25,6,Wednesday
TXN500207,ACC1008,2026-02-25 06:33:00,106.01,USD,India,Wire Transfer,ATM,,2026-02-25,6,Wednesday
TXN500543,ACC1024,2026-02-25 07:04:00,107.43,USD,UK,Cash Withdrawal,ATM,,2026-02-25,7,Wednesday
TXN500366,ACC1016,2026-02-25 08:50:00,46.47,USD,USA,Retail,POS,,2026-02-25,8,Wednesday
TXN501384,ACC1000,2026-02-25 09:25:00,2775.01,USD,India,Wire Transfer,Wire,STRUCTURING,2026-02-25,9,Wednesday
TXN501385,ACC1000,2026-02-25 10:35:00,2430.36,USD,India,Wire Transfer,Wire,STRUCTURING,2026-02-25,10,Wednesday
TXN501386,ACC1000,2026-02-25 12:21:00,2600.95,USD,India,Wire Transfer,Wire,STRUCTURING,2026-02-25,12,Wednesday
TXN500388,ACC1016,2026-02-25 12:55:00,360.88,USD,USA,Retail,POS,,2026-02-25,12,Wednesday
TXN501464,ACC1023,2026-02-25 13:00:00,3000.0,USD,UAE,Wire Transfer,Wire,ROUND_AMOUNT,2026-02-25,13,Wednesday
TXN501387,ACC1000,2026-02-25 13:59:00,2444.25,USD,India,Wire Transfer,Wire,STRUCTURING,2026-02-25,13,Wednesday
TXN500535,ACC1023,2026-02-25 14:21:00,37.09,USD,UAE,Electronics,ATM,,2026-02-25,14,Wednesday
TXN500293,ACC1012,2026-02-25 17:15:00,39.24,USD,India,Wire Transfer,ATM,,2026-02-25,17,Wednesday
TXN500710,ACC1030,2026-02-25 17:25:00,306.99,USD,Singapore,Online Marketplace,POS,,2026-02-25,17,Wednesday
TXN500222,ACC1009,2026-02-26 01:23:00,12.42,USD,USA,Travel,POS,,2026-02-26,1,Thursday
TXN500867,ACC1037,2026-02-26 02:16:00,86.25,USD,UK,Cash Withdrawal,POS,,2026-02-26,2,Thursday
TXN500325,ACC1014,2026-02-26 02:23:00,26.97,USD,UAE,Dining,Online,,2026-02-26,2,Thursday
TXN500198,ACC1008,2026-02-26 04:58:00,76.58,USD,India,Online Marketplace,POS,,2026-02-26,4,Thursday
TXN501110,ACC1048,2026-02-26 07:02:00,373.39,USD,India,Dining,Online,,2026-02-26,7,Thursday
TXN500787,ACC1033,2026-02-26 07:52:00,141.25,USD,UAE,Wire Transfer,ATM,,2026-02-26,7,Thursday
TXN500365,ACC1016,2026-02-26 09:02:00,124.11,USD,USA,Cash Withdrawal,ATM,,2026-02-26,9,Thursday
TXN500563,ACC1024,2026-02-26 09:52:00,146.06,USD,UK,Travel,Online,,2026-02-26,9,Thursday
TXN500607,ACC1026,2026-02-26 11:05:00,33.23,USD,Singapore,Retail,POS,,2026-02-26,11,Thursday
TXN500064,ACC1002,2026-02-26 12:27:00,22.72,USD,Singapore,Retail,POS,,2026-02-26,12,Thursday
TXN501125,ACC1049,2026-02-26 12:34:00,290.06,USD,USA,Online Marketplace,POS,,2026-02-26,12,Thursday
TXN500090,ACC1004,2026-02-26 14:32:00,105.84,USD,UAE,Online Marketplace,ATM,,2026-02-26,14,Thursday
TXN500442,ACC1019,2026-02-26 14:47:00,64.75,USD,USA,Online Marketplace,POS,,2026-02-26,14,Thursday
TXN500180,ACC1007,2026-02-26 16:13:00,771.36,USD,USA,Utilities,ATM,,2026-02-26,16,Thursday
TXN501075,ACC1047,2026-02-26 16:23:00,163.47,USD,UK,Online Marketplace,Online,,2026-02-26,16,Thursday
TXN500056,ACC1002,2026-02-26 17:45:00,154.18,USD,Singapore,Utilities,ATM,,2026-02-26,17,Thursday
TXN501469,ACC1048,2026-02-26 18:00:00,7000.0,USD,India,Wire Transfer,Wire,ROUND_AMOUNT,2026-02-26,18,Thursday
TXN500859,ACC1037,2026-02-26 21:17:00,40.57,USD,UK,Electronics,Online,,2026-02-26,21,Thursday
TXN501035,ACC1045,2026-02-26 22:36:00,43.17,USD,USA,Online Marketplace,POS,,2026-02-26,22,Thursday
TXN500310,ACC1013,2026-02-26 23:33:00,55.59,USD,India,Travel,Online,,2026-02-26,23,Thursday
TXN500748,ACC1032,2026-02-27 03:54:00,33.79,USD,UAE,Retail,Online,,2026-02-27,3,Friday
TXN500909,ACC1039,2026-02-27 04:55:00,119.22,USD,Singapore,Dining,ATM,,2026-02-27,4,Friday
TXN500770,ACC1033,2026-02-27 06:10:00,340.77,USD,UAE,Dining,POS,,2026-02-27,6,Friday
TXN500916,ACC1039,2026-02-27 06:43:00,85.72,USD,Singapore,Electronics,POS,,2026-02-27,6,Friday
TXN501346,ACC1058,2026-02-27 09:11:00,17.52,USD,Singapore,Utilities,ATM,,2026-02-27,9,Friday
TXN500963,ACC1042,2026-02-27 09:19:00,79.59,USD,Singapore,Online Marketplace,ATM,,2026-02-27,9,Friday
TXN500958,ACC1042,2026-02-27 09:42:00,100.59,USD,Singapore,Utilities,ATM,,2026-02-27,9,Friday
TXN501355,ACC1059,2026-02-27 10:20:00,39.69,USD,India,Retail,POS,,2026-02-27,10,Friday
TXN501183,ACC1052,2026-02-27 11:21:00,152.4,USD,Singapore,Dining,ATM,,2026-02-27,11,Friday
TXN500192,ACC1008,2026-02-27 12:22:00,144.14,USD,India,Cash Withdrawal,ATM,,2026-02-27,12,Friday
TXN500471,ACC1021,2026-02-27 12:23:00,52.06,USD,USA,Electronics,ATM,,2026-02-27,12,Friday
TXN500364,ACC1016,2026-02-27 13:27:00,95.73,USD,USA,Travel,ATM,,2026-02-27,13,Friday
TXN500604,ACC1026,2026-02-27 13:55:00,225.9,USD,Singapore,Cash Withdrawal,POS,,2026-02-27,13,Friday
TXN501070,ACC1047,2026-02-27 18:24:00,91.09,USD,UK,Utilities,Online,,2026-02-27,18,Friday
TXN500260,ACC1011,2026-02-27 18:26:00,133.91,USD,India,Cash Withdrawal,Online,,2026-02-27,18,Friday
TXN500101,ACC1004,2026-02-27 19:47:00,18.66,USD,UAE,Online Marketplace,Online,,2026-02-27,19,Friday
TXN500371,ACC1016,2026-02-27 21:23:00,68.17,USD,USA,Online Marketplace,POS,,2026-02-27,21,Friday
TXN500631,ACC1027,2026-02-28 00:27:00,14.54,USD,India,Dining,ATM,,2026-02-28,0,Saturday
TXN501129,ACC1050,2026-02-28 00:40:00,62.95,USD,Singapore,Wire Transfer,ATM,,2026-02-28,0,Saturday
TXN500630,ACC1027,2026-02-28 00:59:00,178.53,USD,India,Travel,Online,,2026-02-28,0,Saturday
TXN501294,ACC1056,2026-02-28 08:41:00,141.83,USD,India,Online Marketplace,Online,,2026-02-28,8,Saturday
TXN501297,ACC1056,2026-02-28 11:04:00,152.5,USD,India,Online Marketplace,POS,,2026-02-28,11,Saturday
TXN500670,ACC1029,2026-02-28 12:03:00,178.1,USD,UK,Online Marketplace,ATM,,2026-02-28,12,Saturday
TXN501337,ACC1058,2026-02-28 12:30:00,38.4,USD,Singapore,Cash Withdrawal,Online,,2026-02-28,12,Saturday
TXN500609,ACC1026,2026-02-28 13:49:00,13.45,USD,Singapore,Online Marketplace,ATM,,2026-02-28,13,Saturday
TXN500625,ACC1027,2026-02-28 14:44:00,279.74,USD,India,Cash Withdrawal,POS,,2026-02-28,14,Saturday
TXN501146,ACC1050,2026-02-28 15:27:00,67.63,USD,Singapore,Electronics,POS,,2026-02-28,15,Saturday
TXN500468,ACC1021,2026-02-28 15:38:00,131.86,USD,USA,Cash Withdrawal,Online,,2026-02-28,15,Saturday
TXN500292,ACC1012,2026-02-28 17:58:00,42.79,USD,India,Cash Withdrawal,POS,,2026-02-28,17,Saturday
TXN501264,ACC1055,2026-02-28 18:34:00,29.12,USD,India,Cash Withdrawal,Online,,2026-02-28,18,Saturday
TXN500289,ACC1012,2026-02-28 20:55:00,85.87,USD,India,Cash Withdrawal,ATM,,2026-02-28,20,Saturday
TXN501224,ACC1054,2026-03-01 06:18:00,96.78,USD,UAE,Retail,ATM,,2026-03-01,6,Sunday
TXN500804,ACC1034,2026-03-01 08:33:00,43.99,USD,Singapore,Wire Transfer,ATM,,2026-03-01,8,Sunday
TXN500763,ACC1033,2026-03-01 08:53:00,667.86,USD,UAE,Utilities,ATM,,2026-03-01,8,Sunday
TXN501127,ACC1049,2026-03-01 08:53:00,87.56,USD,USA,Travel,POS,,2026-03-01,8,Sunday
TXN500971,ACC1042,2026-03-01 12:05:00,74.84,USD,Singapore,Wire Transfer,Online,,2026-03-01,12,Sunday
TXN500014,ACC1000,2026-03-01 12:35:00,11.92,USD,India,Retail,ATM,,2026-03-01,12,Sunday
TXN501188,ACC1052,2026-03-01 14:00:00,54.48,USD,Singapore,Electronics,Online,,2026-03-01,14,Sunday
TXN500954,ACC1041,2026-03-01 14:04:00,244.54,USD,USA,Utilities,ATM,,2026-03-01,14,Sunday
TXN500477,ACC1021,2026-03-01 14:19:00,112.05,USD,USA,Retail,Online,,2026-03-01,14,Sunday
TXN501106,ACC1048,2026-03-01 15:02:00,26.16,USD,India,Cash Withdrawal,POS,,2026-03-01,15,Sunday
TXN501280,ACC1056,2026-03-01 18:06:00,50.49,USD,India,Utilities,POS,,2026-03-01,18,Sunday
TXN500227,ACC1009,2026-03-01 22:09:00,70.66,USD,USA,Dining,ATM,,2026-03-01,22,Sunday
TXN500353,ACC1015,2026-03-01 23:30:00,144.3,USD,UAE,Travel,POS,,2026-03-01,23,Sunday
TXN500349,ACC1015,2026-03-02 02:24:00,34.93,USD,UAE,Cash Withdrawal,Online,,2026-03-02,2,Monday
TXN500263,ACC1011,2026-03-02 03:53:00,3.61,USD,India,Electronics,POS,,2026-03-02,3,Monday
TXN500447,ACC1020,2026-03-02 04:49:00,92.75,USD,UAE,Travel,POS,,2026-03-02,4,Monday
TXN500073,ACC1003,2026-03-02 07:52:00,64.57,USD,UAE,Online Marketplace,Online,,2026-03-02,7,Monday
TXN500174,ACC1007,2026-03-02 09:21:00,90.65,USD,USA,Cash Withdrawal,ATM,,2026-03-02,9,Monday
TXN500449,ACC1020,2026-03-02 11:12:00,41.99,USD,UAE,Utilities,Online,,2026-03-02,11,Monday
TXN500720,ACC1031,2026-03-02 12:49:00,63.35,USD,Singapore,Dining,POS,,2026-03-02,12,Monday
TXN500140,ACC1006,2026-03-02 14:31:00,22.03,USD,India,Online Marketplace,POS,,2026-03-02,14,Monday
TXN501334,ACC1058,2026-03-02 14:42:00,255.1,USD,Singapore,Electronics,ATM,,2026-03-02,14,Monday
TXN500033,ACC1001,2026-03-02 16:12:00,65.88,USD,India,Electronics,POS,,2026-03-02,16,Monday
TXN500200,ACC1008,2026-03-02 16:16:00,23.84,USD,India,Cash Withdrawal,ATM,,2026-03-02,16,Monday
TXN500513,ACC1023,2026-03-02 16:20:00,53.78,USD,UAE,Dining,Online,,2026-03-02,16,Monday
TXN501066,ACC1046,2026-03-02 17:06:00,24.34,USD,India,Online Marketplace,ATM,,2026-03-02,17,Monday
TXN501020,ACC1044,2026-03-02 20:27:00,97.69,USD,UK,Electronics,POS,,2026-03-02,20,Monday
TXN500977,ACC1042,2026-03-02 20:56:00,44.39,USD,Singapore,Retail,POS,,2026-03-02,20,Monday
TXN500782,ACC1033,2026-03-02 20:57:00,20.05,USD,UAE,Cash Withdrawal,POS,,2026-03-02,20,Monday
TXN500152,ACC1006,2026-03-03 05:04:00,91.09,USD,India,Wire Transfer,Online,,2026-03-03,5,Tuesday
TXN500269,ACC1011,2026-03-03 07:06:00,44.88,USD,India,Cash Withdrawal,ATM,,2026-03-03,7,Tuesday
TXN500435,ACC1019,2026-03-03 07:15:00,257.78,USD,USA,Utilities,ATM,,2026-03-03,7,Tuesday
TXN500851,ACC1036,2026-03-03 09:00:00,38.06,USD,India,Retail,ATM,,2026-03-03,9,Tuesday
TXN500584,ACC1025,2026-03-03 09:06:00,514.72,USD,USA,Online Marketplace,ATM,,2026-03-03,9,Tuesday
TXN500829,ACC1035,2026-03-03 10:02:00,45.69,USD,India,Dining,ATM,,2026-03-03,10,Tuesday
TXN500151,ACC1006,2026-03-03 11:11:00,83.55,USD,India,Retail,Online,,2026-03-03,11,Tuesday
TXN501173,ACC1051,2026-03-03 12:31:00,73.24,USD,USA,Wire Transfer,ATM,,2026-03-03,12,Tuesday
TXN500717,ACC1031,2026-03-03 12:31:00,73.91,USD,Singapore,Cash Withdrawal,ATM,,2026-03-03,12,Tuesday
TXN501088,ACC1047,2026-03-03 12:51:00,82.67,USD,UK,Electronics,Online,,2026-03-03,12,Tuesday
TXN501185,ACC1052,2026-03-03 13:09:00,27.37,USD,Singapore,Retail,Online,,2026-03-03,13,Tuesday
TXN501331,ACC1058,2026-03-03 15:07:00,264.46,USD,Singapore,Online Marketplace,ATM,,2026-03-03,15,Tuesday
TXN500747,ACC1032,2026-03-03 16:36:00,78.89,USD,UAE,Dining,POS,,2026-03-03,16,Tuesday
TXN500509,ACC1022,2026-03-03 19:44:00,69.66,USD,UK,Dining,Online,,2026-03-03,19,Tuesday
TXN500893,ACC1038,2026-03-03 20:49:00,174.17,USD,India,Travel,ATM,,2026-03-03,20,Tuesday
TXN500974,ACC1042,2026-03-03 21:02:00,37.06,USD,Singapore,Dining,Online,,2026-03-03,21,Tuesday
TXN500226,ACC1009,2026-03-03 22:18:00,177.69,USD,USA,Cash Withdrawal,POS,,2026-03-03,22,Tuesday
TXN500525,ACC1023,2026-03-04 00:34:00,33.55,USD,UAE,Wire Transfer,POS,,2026-03-04,0,Wednesday
TXN500150,ACC1006,2026-03-04 04:00:00,87.12,USD,India,Utilities,Online,,2026-03-04,4,Wednesday
TXN500605,ACC1026,2026-03-04 06:52:00,96.75,USD,Singapore,Wire Transfer,ATM,,2026-03-04,6,Wednesday
TXN500376,ACC1016,2026-03-04 07:08:00,33.43,USD,USA,Electronics,Online,,2026-03-04,7,Wednesday
TXN500136,ACC1006,2026-03-04 07:51:00,269.06,USD,India,Utilities,Online,,2026-03-04,7,Wednesday
TXN500624,ACC1027,2026-03-04 09:00:00,223.83,USD,India,Electronics,ATM,,2026-03-04,9,Wednesday
TXN500595,ACC1026,2026-03-04 12:40:00,169.66,USD,Singapore,Cash Withdrawal,ATM,,2026-03-04,12,Wednesday
TXN501137,ACC1050,2026-03-04 12:44:00,194.52,USD,Singapore,Utilities,POS,,2026-03-04,12,Wednesday
TXN500779,ACC1033,2026-03-04 13:30:00,62.37,USD,UAE,Retail,POS,,2026-03-04,13,Wednesday
TXN500735,ACC1031,2026-03-04 14:11:00,168.38,USD,Singapore,Cash Withdrawal,POS,,2026-03-04,14,Wednesday
TXN500103,ACC1004,2026-03-04 14:17:00,48.99,USD,UAE,Online Marketplace,POS,,2026-03-04,14,Wednesday
TXN500602,ACC1026,2026-03-04 14:44:00,29.08,USD,Singapore,Travel,ATM,,2026-03-04,14,Wednesday
TXN501192,ACC1052,2026-03-04 17:34:00,20.07,USD,Singapore,Electronics,POS,,2026-03-04,17,Wednesday
TXN500784,ACC1033,2026-03-04 17:43:00,115.53,USD,UAE,Electronics,POS,,2026-03-04,17,Wednesday
TXN501161,ACC1051,2026-03-04 17:44:00,7.03,USD,USA,Electronics,ATM,,2026-03-04,17,Wednesday
TXN500518,ACC1023,2026-03-04 22:41:00,27.67,USD,UAE,Online Marketplace,Online,,2026-03-04,22,Wednesday
TXN500382,ACC1016,2026-03-05 01:35:00,38.88,USD,USA,Cash Withdrawal,Online,,2026-03-05,1,Thursday
TXN500558,ACC1024,2026-03-05 06:10:00,45.18,USD,UK,Wire Transfer,Online,,2026-03-05,6,Thursday
TXN500453,ACC1020,2026-03-05 06:47:00,27.46,USD,UAE,Utilities,POS,,2026-03-05,6,Thursday
TXN501239,ACC1054,2026-03-05 07:37:00,111.28,USD,UAE,Online Marketplace,Online,,2026-03-05,7,Thursday
TXN500176,ACC1007,2026-03-05 08:25:00,140.4,USD,USA,Retail,Online,,2026-03-05,8,Thursday
TXN501024,ACC1044,2026-03-05 11:12:00,458.54,USD,UK,Utilities,POS,,2026-03-05,11,Thursday
TXN500411,ACC1017,2026-03-05 13:53:00,126.53,USD,USA,Online Marketplace,Online,,2026-03-05,13,Thursday
TXN501309,ACC1057,2026-03-05 14:03:00,177.2,USD,UAE,Electronics,POS,,2026-03-05,14,Thursday
TXN501329,ACC1058,2026-03-05 17:15:00,22.45,USD,Singapore,Utilities,Online,,2026-03-05,17,Thursday
TXN501238,ACC1054,2026-03-05 17:34:00,40.52,USD,UAE,Retail,ATM,,2026-03-05,17,Thursday
TXN500218,ACC1009,2026-03-05 17:57:00,53.89,USD,USA,Utilities,POS,,2026-03-05,17,Thursday
TXN500746,ACC1032,2026-03-05 18:22:00,34.7,USD,UAE,Wire Transfer,POS,,2026-03-05,18,Thursday
TXN500666,ACC1028,2026-03-05 21:33:00,73.39,USD,UAE,Utilities,POS,,2026-03-05,21,Thursday
TXN500972,ACC1042,2026-03-06 00:15:00,36.13,USD,Singapore,Travel,ATM,,2026-03-06,0,Friday
TXN500303,ACC1013,2026-03-06 03:29:00,130.66,USD,India,Online Marketplace,POS,,2026-03-06,3,Friday
TXN501343,ACC1058,2026-03-06 03:50:00,98.81,USD,Singapore,Utilities,Online,,2026-03-06,3,Friday
TXN501226,ACC1054,2026-03-06 05:49:00,59.33,USD,UAE,Travel,Online,,2026-03-06,5,Friday
TXN501275,ACC1056,2026-03-06 06:21:00,198.7,USD,India,Online Marketplace,ATM,,2026-03-06,6,Friday
TXN500190,ACC1008,2026-03-06 08:00:00,17.06,USD,India,Utilities,ATM,,2026-03-06,8,Friday
TXN500718,ACC1031,2026-03-06 09:17:00,76.35,USD,Singapore,Travel,POS,,2026-03-06,9,Friday
TXN500456,ACC1020,2026-03-06 11:12:00,32.67,USD,UAE,Electronics,Online,,2026-03-06,11,Friday
TXN500019,ACC1000,2026-03-06 13:09:00,29.45,USD,India,Cash Withdrawal,POS,,2026-03-06,13,Friday
TXN500129,ACC1005,2026-03-06 14:00:00,72.94,USD,UAE,Wire Transfer,Online,,2026-03-06,14,Friday
TXN500677,ACC1029,2026-03-06 14:03:00,24.54,USD,UK,Travel,POS,,2026-03-06,14,Friday
TXN500606,ACC1026,2026-03-06 14:26:00,361.09,USD,Singapore,Online Marketplace,Online,,2026-03-06,14,Friday
TXN501000,ACC1043,2026-03-06 16:05:00,111.65,USD,India,Online Marketplace,ATM,,2026-03-06,16,Friday
TXN501213,ACC1053,2026-03-06 17:30:00,34.93,USD,USA,Cash Withdrawal,POS,,2026-03-06,17,Friday
TXN500527,ACC1023,2026-03-06 17:43:00,15.41,USD,UAE,Wire Transfer,POS,,2026-03-06,17,Friday
TXN500225,ACC1009,2026-03-06 19:53:00,43.61,USD,USA,Travel,Online,,2026-03-06,19,Friday
TXN500933,ACC1040,2026-03-07 03:06:00,18.12,USD,Singapore,Travel,ATM,,2026-03-07,3,Saturday
TXN500610,ACC1026,2026-03-07 05:07:00,256.32,USD,Singapore,Utilities,ATM,,2026-03-07,5,Saturday
TXN500460,ACC1020,2026-03-07 09:25:00,22.69,USD,UAE,Electronics,POS,,2026-03-07,9,Saturday
TXN501315,ACC1057,2026-03-07 10:08:00,67.31,USD,UAE,Utilities,POS,,2026-03-07,10,Saturday
TXN500476,ACC1021,2026-03-07 10:36:00,53.3,USD,USA,Retail,ATM,,2026-03-07,10,Saturday
TXN501327,ACC1058,2026-03-07 10:52:00,28.63,USD,Singapore,Online Marketplace,Online,,2026-03-07,10,Saturday
TXN500077,ACC1003,2026-03-07 10:53:00,72.12,USD,UAE,Cash Withdrawal,POS,,2026-03-07,10,Saturday
TXN500475,ACC1021,2026-03-07 11:03:00,293.09,USD,USA,Online Marketplace,POS,,2026-03-07,11,Saturday
TXN500408,ACC1017,2026-03-07 11:56:00,58.67,USD,USA,Utilities,Online,,2026-03-07,11,Saturday
TXN501156,ACC1051,2026-03-07 12:59:00,165.48,USD,USA,Travel,POS,,2026-03-07,12,Saturday
TXN501232,ACC1054,2026-03-07 13:10:00,19.44,USD,UAE,Wire Transfer,ATM,,2026-03-07,13,Saturday
TXN500252,ACC1010,2026-03-07 13:28:00,152.33,USD,UK,Dining,ATM,,2026-03-07,13,Saturday
TXN500345,ACC1015,2026-03-07 13:45:00,43.64,USD,UAE,Travel,Online,,2026-03-07,13,Saturday
TXN500186,ACC1008,2026-03-07 15:26:00,126.8,USD,India,Online Marketplace,Online,,2026-03-07,15,Saturday
TXN500579,ACC1025,2026-03-07 15:35:00,17.62,USD,USA,Dining,Online,,2026-03-07,15,Saturday
TXN500623,ACC1027,2026-03-07 15:44:00,362.79,USD,India,Cash Withdrawal,Online,,2026-03-07,15,Saturday
TXN500178,ACC1007,2026-03-07 17:00:00,246.7,USD,USA,Online Marketplace,Online,,2026-03-07,17,Saturday
TXN500512,ACC1023,2026-03-07 18:29:00,63.74,USD,UAE,Electronics,ATM,,2026-03-07,18,Saturday
TXN501333,ACC1058,2026-03-08 03:56:00,55.03,USD,Singapore,Electronics,POS,,2026-03-08,3,Sunday
TXN501487,ACC1021,2026-03-08 04:00:00,4414.16,USD,USA,Cash Withdrawal,ATM,OFF_HOURS,2026-03-08,4,Sunday
TXN501008,ACC1044,2026-03-08 05:00:00,118.11,USD,UK,Wire Transfer,ATM,,2026-03-08,5,Sunday
TXN500905,ACC1039,2026-03-08 05:24:00,79.2,USD,Singapore,Travel,POS,,2026-03-08,5,Sunday
TXN500389,ACC1016,2026-03-08 06:10:00,156.86,USD,USA,Travel,Online,,2026-03-08,6,Sunday
TXN500361,ACC1015,2026-03-08 08:05:00,106.42,USD,UAE,Wire Transfer,POS,,2026-03-08,8,Sunday
TXN500387,ACC1016,2026-03-08 09:56:00,90.7,USD,USA,Travel,POS,,2026-03-08,9,Sunday
TXN500420,ACC1018,2026-03-08 11:38:00,70.86,USD,India,Travel,Online,,2026-03-08,11,Sunday
TXN501063,ACC1046,2026-03-08 12:20:00,187.52,USD,India,Online Marketplace,Online,,2026-03-08,12,Sunday
TXN500650,ACC1028,2026-03-08 13:12:00,124.78,USD,UAE,Wire Transfer,Online,,2026-03-08,13,Sunday
TXN500835,ACC1035,2026-03-08 13:21:00,64.64,USD,India,Wire Transfer,ATM,,2026-03-08,13,Sunday
TXN501277,ACC1056,2026-03-08 14:08:00,537.75,USD,India,Dining,ATM,,2026-03-08,14,Sunday
TXN500172,ACC1007,2026-03-08 14:58:00,32.0,USD,USA,Utilities,POS,,2026-03-08,14,Sunday
TXN500332,ACC1014,2026-03-08 17:18:00,29.74,USD,UAE,Electronics,POS,,2026-03-08,17,Sunday
TXN500998,ACC1043,2026-03-08 17:32:00,118.72,USD,India,Wire Transfer,POS,,2026-03-08,17,Sunday
TXN500788,ACC1034,2026-03-08 17:52:00,100.81,USD,Singapore,Retail,ATM,,2026-03-08,17,Sunday
TXN501225,ACC1054,2026-03-08 19:29:00,56.44,USD,UAE,Online Marketplace,POS,,2026-03-08,19,Sunday
TXN500082,ACC1003,2026-03-08 20:34:00,91.96,USD,UAE,Dining,Online,,2026-03-08,20,Sunday
TXN500678,ACC1029,2026-03-08 23:25:00,322.8,USD,UK,Electronics,Online,,2026-03-08,23,Sunday
TXN501128,ACC1049,2026-03-09 06:18:00,33.82,USD,USA,Utilities,ATM,,2026-03-09,6,Monday
TXN500046,ACC1001,2026-03-09 06:32:00,34.89,USD,India,Electronics,POS,,2026-03-09,6,Monday
TXN500276,ACC1012,2026-03-09 07:26:00,101.08,USD,India,Online Marketplace,Online,,2026-03-09,7,Monday
TXN500716,ACC1030,2026-03-09 07:51:00,180.0,USD,Singapore,Retail,Online,,2026-03-09,7,Monday
TXN501273,ACC1056,2026-03-09 08:07:00,24.95,USD,India,Cash Withdrawal,POS,,2026-03-09,8,Monday
TXN501276,ACC1056,2026-03-09 08:20:00,75.76,USD,India,Travel,POS,,2026-03-09,8,Monday
TXN500296,ACC1013,2026-03-09 12:57:00,35.74,USD,India,Cash Withdrawal,Online,,2026-03-09,12,Monday
TXN501132,ACC1050,2026-03-09 14:49:00,97.49,USD,Singapore,Travel,ATM,,2026-03-09,14,Monday
TXN501083,ACC1047,2026-03-09 17:01:00,49.93,USD,UK,Retail,ATM,,2026-03-09,17,Monday
TXN500732,ACC1031,2026-03-09 17:04:00,27.65,USD,Singapore,Cash Withdrawal,ATM,,2026-03-09,17,Monday
TXN500025,ACC1001,2026-03-09 17:27:00,40.86,USD,India,Dining,ATM,,2026-03-09,17,Monday
TXN500790,ACC1034,2026-03-09 18:01:00,14.96,USD,Singapore,Travel,POS,,2026-03-09,18,Monday
TXN500934,ACC1040,2026-03-10 00:04:00,9.22,USD,Singapore,Dining,ATM,,2026-03-10,0,Tuesday
TXN500114,ACC1004,2026-03-10 01:25:00,612.11,USD,UAE,Retail,POS,,2026-03-10,1,Tuesday
TXN500473,ACC1021,2026-03-10 06:20:00,17.05,USD,USA,Online Marketplace,POS,,2026-03-10,6,Tuesday
TXN500054,ACC1002,2026-03-10 07:16:00,115.64,USD,Singapore,Travel,Online,,2026-03-10,7,Tuesday
TXN501184,ACC1052,2026-03-10 07:34:00,16.22,USD,Singapore,Utilities,ATM,,2026-03-10,7,Tuesday
TXN501353,ACC1058,2026-03-10 07:43:00,108.56,USD,Singapore,Wire Transfer,Online,,2026-03-10,7,Tuesday
TXN500327,ACC1014,2026-03-10 07:51:00,189.1,USD,UAE,Online Marketplace,POS,,2026-03-10,7,Tuesday
TXN500443,ACC1020,2026-03-10 08:35:00,10.37,USD,UAE,Utilities,POS,,2026-03-10,8,Tuesday
TXN500904,ACC1039,2026-03-10 08:54:00,210.74,USD,Singapore,Wire Transfer,POS,,2026-03-10,8,Tuesday
TXN500661,ACC1028,2026-03-10 09:37:00,39.79,USD,UAE,Electronics,Online,,2026-03-10,9,Tuesday
TXN500202,ACC1008,2026-03-10 10:20:00,110.47,USD,India,Online Marketplace,ATM,,2026-03-10,10,Tuesday
TXN501011,ACC1044,2026-03-10 10:23:00,218.25,USD,UK,Utilities,ATM,,2026-03-10,10,Tuesday
TXN500626,ACC1027,2026-03-10 10:27:00,42.09,USD,India,Dining,Online,,2026-03-10,10,Tuesday
TXN501301,ACC1056,2026-03-10 11:37:00,36.55,USD,India,Wire Transfer,POS,,2026-03-10,11,Tuesday
TXN500500,ACC1022,2026-03-10 11:54:00,19.21,USD,UK,Dining,Online,,2026-03-10,11,Tuesday
TXN501420,ACC1005,2026-03-10 14:00:00,514.38,USD,UAE,Online Marketplace,Online,VELOCITY,2026-03-10,14,Tuesday
TXN501421,ACC1005,2026-03-10 14:05:00,113.26,USD,UAE,Online Marketplace,Online,VELOCITY,2026-03-10,14,Tuesday
TXN501422,ACC1005,2026-03-10 14:10:00,505.08,USD,UAE,Online Marketplace,Online,VELOCITY,2026-03-10,14,Tuesday
TXN501423,ACC1005,2026-03-10 14:15:00,139.37,USD,UAE,Online Marketplace,Online,VELOCITY,2026-03-10,14,Tuesday
TXN500511,ACC1023,2026-03-10 14:19:00,85.06,USD,UAE,Utilities,Online,,2026-03-10,14,Tuesday
TXN501424,ACC1005,2026-03-10 14:20:00,389.39,USD,UAE,Online Marketplace,Online,VELOCITY,2026-03-10,14,Tuesday
TXN501425,ACC1005,2026-03-10 14:25:00,400.13,USD,UAE,Online Marketplace,Online,VELOCITY,2026-03-10,14,Tuesday
TXN501426,ACC1005,2026-03-10 14:30:00,112.82,USD,UAE,Online Marketplace,Online,VELOCITY,2026-03-10,14,Tuesday
TXN501427,ACC1005,2026-03-10 14:35:00,185.37,USD,UAE,Online Marketplace,Online,VELOCITY,2026-03-10,14,Tuesday
TXN501356,ACC1059,2026-03-10 14:54:00,6.48,USD,India,Wire Transfer,ATM,,2026-03-10,14,Tuesday
TXN501121,ACC1049,2026-03-10 16:08:00,180.36,USD,USA,Online Marketplace,POS,,2026-03-10,16,Tuesday
TXN500132,ACC1005,2026-03-10 16:29:00,70.93,USD,UAE,Wire Transfer,ATM,,2026-03-10,16,Tuesday
TXN500032,ACC1001,2026-03-11 06:59:00,353.21,USD,India,Online Marketplace,POS,,2026-03-11,6,Wednesday
TXN501320,ACC1057,2026-03-11 07:11:00,56.36,USD,UAE,Online Marketplace,POS,,2026-03-11,7,Wednesday
TXN500398,ACC1017,2026-03-11 08:19:00,225.54,USD,USA,Online Marketplace,POS,,2026-03-11,8,Wednesday
TXN500379,ACC1016,2026-03-11 08:19:00,478.58,USD,USA,Travel,ATM,,2026-03-11,8,Wednesday
TXN501285,ACC1056,2026-03-11 09:20:00,32.87,USD,India,Utilities,POS,,2026-03-11,9,Wednesday
TXN500541,ACC1024,2026-03-11 09:48:00,141.47,USD,UK,Travel,ATM,,2026-03-11,9,Wednesday
TXN500193,ACC1008,2026-03-11 10:59:00,80.86,USD,India,Cash Withdrawal,POS,,2026-03-11,10,Wednesday
TXN500168,ACC1007,2026-03-11 11:05:00,367.64,USD,USA,Retail,Online,,2026-03-11,11,Wednesday
TXN501108,ACC1048,2026-03-11 11:12:00,25.84,USD,India,Utilities,Online,,2026-03-11,11,Wednesday
TXN500969,ACC1042,2026-03-11 11:49:00,64.32,USD,Singapore,Travel,Online,,2026-03-11,11,Wednesday
TXN500520,ACC1023,2026-03-11 11:58:00,131.14,USD,UAE,Retail,ATM,,2026-03-11,11,Wednesday
TXN501330,ACC1058,2026-03-11 13:02:00,114.43,USD,Singapore,Retail,ATM,,2026-03-11,13,Wednesday
TXN501167,ACC1051,2026-03-11 13:20:00,231.79,USD,USA,Dining,POS,,2026-03-11,13,Wednesday
TXN500655,ACC1028,2026-03-11 14:48:00,675.89,USD,UAE,Online Marketplace,POS,,2026-03-11,14,Wednesday
TXN500915,ACC1039,2026-03-11 15:12:00,61.21,USD,Singapore,Dining,Online,,2026-03-11,15,Wednesday
TXN501374,ACC1059,2026-03-11 16:13:00,15.61,USD,India,Electronics,Online,,2026-03-11,16,Wednesday
TXN500683,ACC1029,2026-03-11 16:15:00,41.59,USD,UK,Travel,POS,,2026-03-11,16,Wednesday
TXN500611,ACC1027,2026-03-11 17:02:00,120.17,USD,India,Online Marketplace,ATM,,2026-03-11,17,Wednesday
TXN501085,ACC1047,2026-03-11 20:35:00,94.04,USD,UK,Online Marketplace,POS,,2026-03-11,20,Wednesday
TXN500020,ACC1000,2026-03-11 21:59:00,18.71,USD,India,Retail,ATM,,2026-03-11,21,Wednesday
TXN500569,ACC1025,2026-03-12 01:46:00,12.38,USD,USA,Online Marketplace,ATM,,2026-03-12,1,Thursday
TXN501486,ACC1048,2026-03-12 02:00:00,2242.13,USD,India,Cash Withdrawal,ATM,OFF_HOURS,2026-03-12,2,Thursday
TXN501079,ACC1047,2026-03-12 02:49:00,257.41,USD,UK,Wire Transfer,ATM,,2026-03-12,2,Thursday
TXN501248,ACC1054,2026-03-12 03:30:00,33.35,USD,UAE,Travel,POS,,2026-03-12,3,Thursday
TXN500039,ACC1001,2026-03-12 04:41:00,20.18,USD,India,Retail,POS,,2026-03-12,4,Thursday
TXN501302,ACC1057,2026-03-12 06:30:00,162.85,USD,UAE,Wire Transfer,POS,,2026-03-12,6,Thursday
TXN500383,ACC1016,2026-03-12 06:56:00,9.86,USD,USA,Electronics,POS,,2026-03-12,6,Thursday
TXN500245,ACC1010,2026-03-12 07:13:00,22.64,USD,UK,Dining,Online,,2026-03-12,7,Thursday
TXN500029,ACC1001,2026-03-12 07:14:00,38.84,USD,India,Retail,POS,,2026-03-12,7,Thursday
TXN500703,ACC1030,2026-03-12 07:29:00,35.38,USD,Singapore,Electronics,POS,,2026-03-12,7,Thursday
TXN501241,ACC1054,2026-03-12 08:40:00,47.41,USD,UAE,Dining,POS,,2026-03-12,8,Thursday
TXN500796,ACC1034,2026-03-12 09:10:00,172.06,USD,Singapore,Utilities,ATM,,2026-03-12,9,Thursday
TXN500143,ACC1006,2026-03-12 09:44:00,15.69,USD,India,Online Marketplace,Online,,2026-03-12,9,Thursday
TXN500680,ACC1029,2026-03-12 11:23:00,209.43,USD,UK,Dining,Online,,2026-03-12,11,Thursday
TXN501113,ACC1049,2026-03-12 12:16:00,145.92,USD,USA,Online Marketplace,ATM,,2026-03-12,12,Thursday
TXN500899,ACC1038,2026-03-12 17:45:00,197.52,USD,India,Dining,POS,,2026-03-12,17,Thursday
TXN500950,ACC1041,2026-03-12 21:19:00,83.01,USD,USA,Dining,ATM,,2026-03-12,21,Thursday
TXN500448,ACC1020,2026-03-12 22:10:00,28.62,USD,UAE,Wire Transfer,ATM,,2026-03-12,22,Thursday
TXN500265,ACC1011,2026-03-13 02:35:00,53.13,USD,India,Cash Withdrawal,ATM,,2026-03-13,2,Friday
TXN500815,ACC1034,2026-03-13 06:06:00,168.79,USD,Singapore,Online Marketplace,POS,,2026-03-13,6,Friday
TXN500880,ACC1038,2026-03-13 07:42:00,194.33,USD,India,Online Marketplace,Online,,2026-03-13,7,Friday
TXN500098,ACC1004,2026-03-13 07:54:00,84.35,USD,UAE,Electronics,Online,,2026-03-13,7,Friday
TXN501380,ACC1040,2026-03-13 09:04:00,2622.15,USD,Singapore,Wire Transfer,Wire,STRUCTURING,2026-03-13,9,Friday
TXN501145,ACC1050,2026-03-13 10:06:00,57.07,USD,Singapore,Cash Withdrawal,ATM,,2026-03-13,10,Friday
TXN501381,ACC1040,2026-03-13 10:30:00,2697.07,USD,Singapore,Wire Transfer,Wire,STRUCTURING,2026-03-13,10,Friday
TXN500553,ACC1024,2026-03-13 12:06:00,190.76,USD,UK,Retail,POS,,2026-03-13,12,Friday
TXN501382,ACC1040,2026-03-13 12:30:00,2611.43,USD,Singapore,Wire Transfer,Wire,STRUCTURING,2026-03-13,12,Friday
TXN501383,ACC1040,2026-03-13 14:04:00,2466.66,USD,Singapore,Wire Transfer,Wire,STRUCTURING,2026-03-13,14,Friday
TXN501317,ACC1057,2026-03-13 17:22:00,25.57,USD,UAE,Electronics,Online,,2026-03-13,17,Friday
TXN500287,ACC1012,2026-03-13 17:51:00,58.17,USD,India,Cash Withdrawal,POS,,2026-03-13,17,Friday
TXN500069,ACC1002,2026-03-13 18:26:00,92.34,USD,Singapore,Travel,POS,,2026-03-13,18,Friday
TXN500556,ACC1024,2026-03-13 19:15:00,46.03,USD,UK,Travel,ATM,,2026-03-13,19,Friday
TXN501030,ACC1045,2026-03-13 19:22:00,26.56,USD,USA,Cash Withdrawal,Online,,2026-03-13,19,Friday
TXN500271,ACC1011,2026-03-13 22:52:00,243.99,USD,India,Retail,ATM,,2026-03-13,22,Friday
TXN500643,ACC1028,2026-03-14 00:41:00,52.79,USD,UAE,Travel,Online,,2026-03-14,0,Saturday
TXN500740,ACC1031,2026-03-14 04:31:00,166.16,USD,Singapore,Travel,Online,,2026-03-14,4,Saturday
TXN501126,ACC1049,2026-03-14 06:22:00,23.77,USD,USA,Cash Withdrawal,ATM,,2026-03-14,6,Saturday
TXN500088,ACC1003,2026-03-14 08:35:00,89.65,USD,UAE,Retail,Online,,2026-03-14,8,Saturday
TXN501340,ACC1058,2026-03-14 08:40:00,77.74,USD,Singapore,Online Marketplace,ATM,,2026-03-14,8,Saturday
TXN500423,ACC1018,2026-03-14 08:52:00,53.3,USD,India,Retail,Online,,2026-03-14,8,Saturday
TXN500617,ACC1027,2026-03-14 09:17:00,73.59,USD,India,Travel,Online,,2026-03-14,9,Saturday
TXN501393,ACC1042,2026-03-14 09:28:00,2886.87,USD,Singapore,Wire Transfer,Wire,STRUCTURING,2026-03-14,9,Saturday
TXN501394,ACC1042,2026-03-14 10:38:00,2804.43,USD,Singapore,Wire Transfer,Wire,STRUCTURING,2026-03-14,10,Saturday
TXN501395,ACC1042,2026-03-14 12:01:00,2419.63,USD,Singapore,Wire Transfer,Wire,STRUCTURING,2026-03-14,12,Saturday
TXN501261,ACC1055,2026-03-14 13:01:00,110.22,USD,India,Travel,POS,,2026-03-14,13,Saturday
TXN501211,ACC1053,2026-03-14 13:38:00,21.77,USD,USA,Dining,POS,,2026-03-14,13,Saturday
TXN500538,ACC1023,2026-03-14 14:11:00,47.18,USD,UAE,Cash Withdrawal,POS,,2026-03-14,14,Saturday
TXN500300,ACC1013,2026-03-14 16:28:00,117.53,USD,India,Cash Withdrawal,ATM,,2026-03-14,16,Saturday
TXN501304,ACC1057,2026-03-14 16:34:00,33.78,USD,UAE,Dining,POS,,2026-03-14,16,Saturday
TXN500681,ACC1029,2026-03-14 16:47:00,127.68,USD,UK,Dining,Online,,2026-03-14,16,Saturday
TXN500777,ACC1033,2026-03-14 16:50:00,34.66,USD,UAE,Utilities,ATM,,2026-03-14,16,Saturday
TXN500166,ACC1007,2026-03-14 20:28:00,96.69,USD,USA,Electronics,Online,,2026-03-14,20,Saturday
TXN501032,ACC1045,2026-03-15 00:11:00,14.85,USD,USA,Wire Transfer,ATM,,2026-03-15,0,Sunday
TXN501176,ACC1051,2026-03-15 04:42:00,51.8,USD,USA,Wire Transfer,Online,,2026-03-15,4,Sunday
TXN500372,ACC1016,2026-03-15 06:23:00,104.4,USD,USA,Wire Transfer,Online,,2026-03-15,6,Sunday
TXN500628,ACC1027,2026-03-15 06:54:00,59.55,USD,India,Online Marketplace,Online,,2026-03-15,6,Sunday
TXN500081,ACC1003,2026-03-15 07:02:00,54.72,USD,UAE,Wire Transfer,POS,,2026-03-15,7,Sunday
TXN501174,ACC1051,2026-03-15 07:39:00,63.03,USD,USA,Dining,POS,,2026-03-15,7,Sunday
TXN500451,ACC1020,2026-03-15 07:47:00,63.03,USD,UAE,Retail,POS,,2026-03-15,7,Sunday
TXN501454,ACC1015,2026-03-15 08:00:00,1720.48,USD,UAE,Retail,POS,GEO_ANOMALY,2026-03-15,8,Sunday
TXN500494,ACC1022,2026-03-15 09:38:00,30.72,USD,UK,Cash Withdrawal,POS,,2026-03-15,9,Sunday
TXN501014,ACC1044,2026-03-15 09:45:00,35.86,USD,UK,Wire Transfer,ATM,,2026-03-15,9,Sunday
TXN500738,ACC1031,2026-03-15 10:49:00,161.49,USD,Singapore,Retail,POS,,2026-03-15,10,Sunday
TXN500876,ACC1038,2026-03-15 11:54:00,335.33,USD,India,Online Marketplace,Online,,2026-03-15,11,Sunday
TXN501455,ACC1015,2026-03-15 12:00:00,756.57,USD,Germany,Cash Withdrawal,ATM,GEO_ANOMALY,2026-03-15,12,Sunday
TXN500922,ACC1039,2026-03-15 12:04:00,26.47,USD,Singapore,Cash Withdrawal,ATM,,2026-03-15,12,Sunday
TXN501169,ACC1051,2026-03-15 12:14:00,113.9,USD,USA,Wire Transfer,Online,,2026-03-15,12,Sunday
TXN500756,ACC1032,2026-03-15 12:31:00,712.76,USD,UAE,Travel,POS,,2026-03-15,12,Sunday
TXN500307,ACC1013,2026-03-15 14:20:00,210.59,USD,India,Online Marketplace,ATM,,2026-03-15,14,Sunday
TXN501267,ACC1055,2026-03-15 14:51:00,60.33,USD,India,Cash Withdrawal,POS,,2026-03-15,14,Sunday
TXN500407,ACC1017,2026-03-15 15:12:00,25.51,USD,USA,Travel,Online,,2026-03-15,15,Sunday
TXN501171,ACC1051,2026-03-15 15:35:00,132.03,USD,USA,Wire Transfer,Online,,2026-03-15,15,Sunday
TXN500827,ACC1035,2026-03-15 16:31:00,276.34,USD,India,Electronics,POS,,2026-03-15,16,Sunday
TXN501281,ACC1056,2026-03-15 16:40:00,75.2,USD,India,Dining,Online,,2026-03-15,16,Sunday
TXN500903,ACC1039,2026-03-15 21:45:00,68.43,USD,Singapore,Wire Transfer,ATM,,2026-03-15,21,Sunday
TXN500959,ACC1042,2026-03-16 06:36:00,111.36,USD,Singapore,Cash Withdrawal,Online,,2026-03-16,6,Monday
TXN500894,ACC1038,2026-03-16 06:52:00,191.02,USD,India,Travel,POS,,2026-03-16,6,Monday
TXN500819,ACC1035,2026-03-16 08:54:00,71.81,USD,India,Electronics,Online,,2026-03-16,8,Monday
TXN501246,ACC1054,2026-03-16 09:02:00,22.16,USD,UAE,Electronics,Online,,2026-03-16,9,Monday
TXN500010,ACC1000,2026-03-16 10:37:00,108.67,USD,India,Wire Transfer,Online,,2026-03-16,10,Monday
TXN500173,ACC1007,2026-03-16 10:52:00,62.22,USD,USA,Online Marketplace,POS,,2026-03-16,10,Monday
TXN500427,ACC1019,2026-03-16 11:33:00,27.98,USD,USA,Wire Transfer,POS,,2026-03-16,11,Monday
TXN500306,ACC1013,2026-03-16 12:50:00,74.11,USD,India,Retail,Online,,2026-03-16,12,Monday
TXN501203,ACC1053,2026-03-16 12:51:00,74.45,USD,USA,Dining,POS,,2026-03-16,12,Monday
TXN500050,ACC1001,2026-03-16 13:20:00,13.64,USD,India,Utilities,POS,,2026-03-16,13,Monday
TXN501474,ACC1024,2026-03-16 16:00:00,96.19,USD,UK,Dining,POS,DUPLICATE,2026-03-16,16,Monday
TXN501475,ACC1024,2026-03-16 16:03:00,96.19,USD,UK,Dining,POS,DUPLICATE,2026-03-16,16,Monday
TXN500919,ACC1039,2026-03-16 17:00:00,44.62,USD,Singapore,Cash Withdrawal,Online,,2026-03-16,17,Monday
TXN501186,ACC1052,2026-03-16 19:33:00,155.51,USD,Singapore,Retail,Online,,2026-03-16,19,Monday
TXN500989,ACC1043,2026-03-17 06:40:00,54.66,USD,India,Retail,ATM,,2026-03-17,6,Tuesday
TXN500213,ACC1009,2026-03-17 08:27:00,157.37,USD,USA,Utilities,Online,,2026-03-17,8,Tuesday
TXN500706,ACC1030,2026-03-17 08:52:00,115.05,USD,Singapore,Electronics,POS,,2026-03-17,8,Tuesday
TXN500133,ACC1005,2026-03-17 08:54:00,25.63,USD,UAE,Dining,POS,,2026-03-17,8,Tuesday
TXN500591,ACC1026,2026-03-17 10:00:00,71.12,USD,Singapore,Dining,POS,,2026-03-17,10,Tuesday
TXN501306,ACC1057,2026-03-17 13:20:00,29.71,USD,UAE,Electronics,Online,,2026-03-17,13,Tuesday
TXN500692,ACC1029,2026-03-17 13:27:00,189.31,USD,UK,Travel,POS,,2026-03-17,13,Tuesday
TXN500615,ACC1027,2026-03-17 15:55:00,602.55,USD,India,Wire Transfer,POS,,2026-03-17,15,Tuesday
TXN501004,ACC1044,2026-03-17 16:58:00,37.25,USD,UK,Electronics,Online,,2026-03-17,16,Tuesday
TXN501228,ACC1054,2026-03-17 19:57:00,58.42,USD,UAE,Dining,Online,,2026-03-17,19,Tuesday
TXN500049,ACC1001,2026-03-18 01:05:00,90.85,USD,India,Wire Transfer,ATM,,2026-03-18,1,Wednesday
TXN501023,ACC1044,2026-03-18 02:49:00,65.24,USD,UK,Travel,ATM,,2026-03-18,2,Wednesday
TXN500278,ACC1012,2026-03-18 04:03:00,38.85,USD,India,Travel,POS,,2026-03-18,4,Wednesday
TXN501270,ACC1055,2026-03-18 05:50:00,202.85,USD,India,Utilities,ATM,,2026-03-18,5,Wednesday
TXN500601,ACC1026,2026-03-18 06:24:00,131.8,USD,Singapore,Wire Transfer,POS,,2026-03-18,6,Wednesday
TXN501118,ACC1049,2026-03-18 06:49:00,63.32,USD,USA,Electronics,POS,,2026-03-18,6,Wednesday
TXN500161,ACC1006,2026-03-18 11:02:00,27.74,USD,India,Dining,Online,,2026-03-18,11,Wednesday
TXN500795,ACC1034,2026-03-18 11:55:00,25.21,USD,Singapore,Online Marketplace,ATM,,2026-03-18,11,Wednesday
TXN500258,ACC1011,2026-03-18 12:29:00,35.27,USD,India,Wire Transfer,POS,,2026-03-18,12,Wednesday
TXN500188,ACC1008,2026-03-18 12:56:00,62.46,USD,India,Travel,POS,,2026-03-18,12,Wednesday
TXN501290,ACC1056,2026-03-18 18:40:00,9.61,USD,India,Online Marketplace,ATM,,2026-03-18,18,Wednesday
TXN500999,ACC1043,2026-03-19 04:30:00,39.88,USD,India,Retail,ATM,,2026-03-19,4,Thursday
TXN500060,ACC1002,2026-03-19 07:21:00,160.45,USD,Singapore,Dining,ATM,,2026-03-19,7,Thursday
TXN500739,ACC1031,2026-03-19 09:51:00,298.55,USD,Singapore,Dining,ATM,,2026-03-19,9,Thursday
TXN500846,ACC1036,2026-03-19 15:26:00,103.88,USD,India,Electronics,ATM,,2026-03-19,15,Thursday
TXN500219,ACC1009,2026-03-19 16:14:00,43.08,USD,USA,Dining,ATM,,2026-03-19,16,Thursday
TXN501252,ACC1055,2026-03-19 17:16:00,141.2,USD,India,Cash Withdrawal,POS,,2026-03-19,17,Thursday
TXN501326,ACC1058,2026-03-19 20:39:00,11.27,USD,Singapore,Travel,Online,,2026-03-19,20,Thursday
TXN500564,ACC1025,2026-03-19 21:12:00,49.73,USD,USA,Online Marketplace,Online,,2026-03-19,21,Thursday
TXN500879,ACC1038,2026-03-19 22:40:00,65.71,USD,India,Utilities,ATM,,2026-03-19,22,Thursday
TXN500123,ACC1005,2026-03-19 22:45:00,235.69,USD,UAE,Electronics,POS,,2026-03-19,22,Thursday
TXN500362,ACC1016,2026-03-19 23:11:00,264.93,USD,USA,Utilities,Online,,2026-03-19,23,Thursday
TXN500993,ACC1043,2026-03-19 23:55:00,53.39,USD,India,Online Marketplace,POS,,2026-03-19,23,Thursday
TXN500577,ACC1025,2026-03-20 02:41:00,82.44,USD,USA,Wire Transfer,Online,,2026-03-20,2,Friday
TXN500616,ACC1027,2026-03-20 06:13:00,74.91,USD,India,Dining,POS,,2026-03-20,6,Friday
TXN500561,ACC1024,2026-03-20 07:06:00,86.56,USD,UK,Travel,Online,,2026-03-20,7,Friday
TXN500326,ACC1014,2026-03-20 08:47:00,22.36,USD,UAE,Online Marketplace,POS,,2026-03-20,8,Friday
TXN500421,ACC1018,2026-03-20 09:25:00,426.1,USD,India,Utilities,ATM,,2026-03-20,9,Friday
TXN500239,ACC1010,2026-03-20 10:17:00,36.76,USD,UK,Retail,ATM,,2026-03-20,10,Friday
TXN500865,ACC1037,2026-03-20 10:22:00,38.42,USD,UK,Retail,ATM,,2026-03-20,10,Friday
TXN500828,ACC1035,2026-03-20 10:27:00,41.66,USD,India,Wire Transfer,Online,,2026-03-20,10,Friday
TXN501312,ACC1057,2026-03-20 13:12:00,139.21,USD,UAE,Dining,ATM,,2026-03-20,13,Friday
TXN500713,ACC1030,2026-03-20 13:15:00,40.84,USD,Singapore,Utilities,Online,,2026-03-20,13,Friday
TXN500664,ACC1028,2026-03-20 13:19:00,40.89,USD,UAE,Travel,POS,,2026-03-20,13,Friday
TXN501253,ACC1055,2026-03-20 13:33:00,11.09,USD,India,Online Marketplace,Online,,2026-03-20,13,Friday
TXN500645,ACC1028,2026-03-20 14:55:00,53.45,USD,UAE,Dining,POS,,2026-03-20,14,Friday
TXN501018,ACC1044,2026-03-20 15:45:00,43.14,USD,UK,Retail,POS,,2026-03-20,15,Friday
TXN501465,ACC1023,2026-03-20 16:00:00,1000.0,USD,UAE,Wire Transfer,Wire,ROUND_AMOUNT,2026-03-20,16,Friday
TXN501097,ACC1048,2026-03-20 16:43:00,71.58,USD,India,Utilities,Online,,2026-03-20,16,Friday
TXN500209,ACC1008,2026-03-20 17:39:00,106.01,USD,India,Dining,Online,,2026-03-20,17,Friday
TXN500100,ACC1004,2026-03-20 17:57:00,53.99,USD,UAE,Wire Transfer,ATM,,2026-03-20,17,Friday
TXN501287,ACC1056,2026-03-20 18:34:00,12.77,USD,India,Online Marketplace,POS,,2026-03-20,18,Friday
TXN500928,ACC1040,2026-03-20 20:15:00,93.64,USD,Singapore,Retail,ATM,,2026-03-20,20,Friday
TXN500544,ACC1024,2026-03-20 21:25:00,244.06,USD,UK,Cash Withdrawal,POS,,2026-03-20,21,Friday
TXN501342,ACC1058,2026-03-21 01:31:00,66.87,USD,Singapore,Electronics,POS,,2026-03-21,1,Saturday
TXN500841,ACC1035,2026-03-21 02:03:00,63.78,USD,India,Electronics,ATM,,2026-03-21,2,Saturday
TXN500279,ACC1012,2026-03-21 02:05:00,71.01,USD,India,Utilities,Online,,2026-03-21,2,Saturday
TXN500957,ACC1042,2026-03-21 03:12:00,90.78,USD,Singapore,Cash Withdrawal,Online,,2026-03-21,3,Saturday
TXN500847,ACC1036,2026-03-21 05:07:00,86.51,USD,India,Electronics,Online,,2026-03-21,5,Saturday
TXN500257,ACC1011,2026-03-21 14:35:00,208.56,USD,India,Cash Withdrawal,Online,,2026-03-21,14,Saturday
TXN500232,ACC1010,2026-03-21 18:35:00,81.03,USD,UK,Cash Withdrawal,ATM,,2026-03-21,18,Saturday
TXN500967,ACC1042,2026-03-22 01:37:00,36.28,USD,Singapore,Wire Transfer,ATM,,2026-03-22,1,Sunday
TXN500030,ACC1001,2026-03-22 02:04:00,51.29,USD,India,Retail,Online,,2026-03-22,2,Sunday
TXN500966,ACC1042,2026-03-22 03:04:00,243.74,USD,Singapore,Retail,ATM,,2026-03-22,3,Sunday
TXN500772,ACC1033,2026-03-22 06:38:00,40.2,USD,UAE,Utilities,Online,,2026-03-22,6,Sunday
TXN501236,ACC1054,2026-03-22 06:57:00,291.55,USD,UAE,Travel,POS,,2026-03-22,6,Sunday
TXN500302,ACC1013,2026-03-22 08:17:00,40.28,USD,India,Retail,Online,,2026-03-22,8,Sunday
TXN500392,ACC1017,2026-03-22 08:34:00,103.83,USD,USA,Electronics,ATM,,2026-03-22,8,Sunday
TXN500635,ACC1027,2026-03-22 08:44:00,26.82,USD,India,Dining,Online,,2026-03-22,8,Sunday
TXN501166,ACC1051,2026-03-22 10:19:00,599.31,USD,USA,Retail,Online,,2026-03-22,10,Sunday
TXN501269,ACC1055,2026-03-22 12:10:00,34.4,USD,India,Wire Transfer,POS,,2026-03-22,12,Sunday
TXN500163,ACC1007,2026-03-22 13:51:00,189.19,USD,USA,Dining,Online,,2026-03-22,13,Sunday
TXN500935,ACC1040,2026-03-22 16:55:00,99.09,USD,Singapore,Wire Transfer,POS,,2026-03-22,16,Sunday
TXN501071,ACC1047,2026-03-22 21:55:00,63.93,USD,UK,Travel,ATM,,2026-03-22,21,Sunday
TXN500534,ACC1023,2026-03-23 00:10:00,22.42,USD,UAE,Electronics,Online,,2026-03-23,0,Monday
TXN501485,ACC1010,2026-03-23 02:00:00,3618.74,USD,UK,Cash Withdrawal,ATM,OFF_HOURS,2026-03-23,2,Monday
TXN501140,ACC1050,2026-03-23 02:35:00,125.34,USD,Singapore,Wire Transfer,Online,,2026-03-23,2,Monday
TXN501365,ACC1059,2026-03-23 05:07:00,195.76,USD,India,Electronics,ATM,,2026-03-23,5,Monday
TXN501350,ACC1058,2026-03-23 06:36:00,54.47,USD,Singapore,Cash Withdrawal,POS,,2026-03-23,6,Monday
TXN501258,ACC1055,2026-03-23 07:18:00,97.23,USD,India,Utilities,POS,,2026-03-23,7,Monday
TXN500545,ACC1024,2026-03-23 08:28:00,7.21,USD,UK,Online Marketplace,POS,,2026-03-23,8,Monday
TXN501150,ACC1050,2026-03-23 10:46:00,31.12,USD,Singapore,Cash Withdrawal,ATM,,2026-03-23,10,Monday
TXN501335,ACC1058,2026-03-23 12:37:00,76.23,USD,Singapore,Utilities,ATM,,2026-03-23,12,Monday
TXN500914,ACC1039,2026-03-23 15:41:00,275.81,USD,Singapore,Cash Withdrawal,ATM,,2026-03-23,15,Monday
TXN501038,ACC1045,2026-03-23 16:14:00,17.85,USD,USA,Dining,Online,,2026-03-23,16,Monday
TXN500061,ACC1002,2026-03-23 17:32:00,43.33,USD,Singapore,Online Marketplace,Online,,2026-03-23,17,Monday
TXN501087,ACC1047,2026-03-23 18:27:00,168.55,USD,UK,Utilities,Online,,2026-03-23,18,Monday
TXN501209,ACC1053,2026-03-23 20:17:00,18.87,USD,USA,Travel,POS,,2026-03-23,20,Monday
TXN500651,ACC1028,2026-03-24 02:57:00,352.15,USD,UAE,Dining,Online,,2026-03-24,2,Tuesday
TXN500648,ACC1028,2026-03-24 04:35:00,63.51,USD,UAE,Utilities,ATM,,2026-03-24,4,Tuesday
TXN500393,ACC1017,2026-03-24 06:37:00,20.32,USD,USA,Travel,POS,,2026-03-24,6,Tuesday
TXN500799,ACC1034,2026-03-24 07:13:00,68.41,USD,Singapore,Utilities,ATM,,2026-03-24,7,Tuesday
TXN500854,ACC1036,2026-03-24 07:18:00,194.44,USD,India,Utilities,Online,,2026-03-24,7,Tuesday
TXN500984,ACC1043,2026-03-24 08:09:00,63.88,USD,India,Travel,POS,,2026-03-24,8,Tuesday
TXN501162,ACC1051,2026-03-24 08:46:00,524.19,USD,USA,Wire Transfer,POS,,2026-03-24,8,Tuesday
TXN501351,ACC1058,2026-03-24 08:52:00,23.26,USD,Singapore,Electronics,POS,,2026-03-24,8,Tuesday
TXN500948,ACC1041,2026-03-24 09:00:00,35.78,USD,USA,Travel,POS,,2026-03-24,9,Tuesday
TXN500961,ACC1042,2026-03-24 10:53:00,118.92,USD,Singapore,Cash Withdrawal,POS,,2026-03-24,10,Tuesday
TXN500115,ACC1004,2026-03-24 10:55:00,56.09,USD,UAE,Online Marketplace,POS,,2026-03-24,10,Tuesday
TXN500331,ACC1014,2026-03-24 11:23:00,65.96,USD,UAE,Electronics,ATM,,2026-03-24,11,Tuesday
TXN500761,ACC1033,2026-03-24 12:11:00,39.72,USD,UAE,Cash Withdrawal,Online,,2026-03-24,12,Tuesday
TXN500910,ACC1039,2026-03-24 12:15:00,467.28,USD,Singapore,Utilities,ATM,,2026-03-24,12,Tuesday
TXN500806,ACC1034,2026-03-24 13:18:00,50.49,USD,Singapore,Utilities,ATM,,2026-03-24,13,Tuesday
TXN501463,ACC1039,2026-03-24 14:00:00,3000.0,USD,Singapore,Wire Transfer,Wire,ROUND_AMOUNT,2026-03-24,14,Tuesday
TXN500498,ACC1022,2026-03-24 14:50:00,56.19,USD,UK,Cash Withdrawal,ATM,,2026-03-24,14,Tuesday
TXN500942,ACC1041,2026-03-24 15:04:00,146.23,USD,USA,Retail,ATM,,2026-03-24,15,Tuesday
TXN500396,ACC1017,2026-03-24 16:16:00,43.72,USD,USA,Dining,ATM,,2026-03-24,16,Tuesday
TXN501325,ACC1058,2026-03-24 16:55:00,70.67,USD,Singapore,Online Marketplace,ATM,,2026-03-24,16,Tuesday
TXN500297,ACC1013,2026-03-24 17:15:00,149.85,USD,India,Electronics,POS,,2026-03-24,17,Tuesday
TXN500872,ACC1037,2026-03-24 20:32:00,32.51,USD,UK,Online Marketplace,Online,,2026-03-24,20,Tuesday
TXN500254,ACC1010,2026-03-24 22:03:00,168.89,USD,UK,Online Marketplace,Online,,2026-03-24,22,Tuesday
TXN500482,ACC1021,2026-03-24 22:23:00,28.22,USD,USA,Wire Transfer,Online,,2026-03-24,22,Tuesday
TXN500642,ACC1028,2026-03-24 23:09:00,299.5,USD,UAE,Electronics,ATM,,2026-03-24,23,Tuesday
TXN500636,ACC1027,2026-03-25 04:06:00,15.04,USD,India,Retail,POS,,2026-03-25,4,Wednesday
TXN500373,ACC1016,2026-03-25 08:07:00,246.17,USD,USA,Retail,ATM,,2026-03-25,8,Wednesday
TXN501074,ACC1047,2026-03-25 08:17:00,21.02,USD,UK,Wire Transfer,Online,,2026-03-25,8,Wednesday
TXN500978,ACC1042,2026-03-25 09:45:00,7.53,USD,Singapore,Utilities,ATM,,2026-03-25,9,Wednesday
TXN500027,ACC1001,2026-03-25 09:57:00,23.67,USD,India,Online Marketplace,POS,,2026-03-25,9,Wednesday
TXN500675,ACC1029,2026-03-25 10:20:00,18.79,USD,UK,Dining,Online,,2026-03-25,10,Wednesday
TXN501002,ACC1043,2026-03-25 10:26:00,153.27,USD,India,Cash Withdrawal,POS,,2026-03-25,10,Wednesday
TXN500980,ACC1042,2026-03-25 10:37:00,132.21,USD,Singapore,Electronics,ATM,,2026-03-25,10,Wednesday
TXN500008,ACC1000,2026-03-25 11:56:00,133.05,USD,India,Online Marketplace,POS,,2026-03-25,11,Wednesday
TXN500057,ACC1002,2026-03-25 12:42:00,31.33,USD,Singapore,Utilities,ATM,,2026-03-25,12,Wednesday
TXN500316,ACC1014,2026-03-25 15:25:00,67.96,USD,UAE,Travel,ATM,,2026-03-25,15,Wednesday
TXN501098,ACC1048,2026-03-25 15:51:00,11.04,USD,India,Utilities,Online,,2026-03-25,15,Wednesday
TXN500096,ACC1004,2026-03-25 15:57:00,17.86,USD,UAE,Electronics,Online,,2026-03-25,15,Wednesday
TXN500840,ACC1035,2026-03-25 16:24:00,55.0,USD,India,Utilities,ATM,,2026-03-25,16,Wednesday
TXN500426,ACC1018,2026-03-25 16:49:00,228.55,USD,India,Dining,ATM,,2026-03-25,16,Wednesday
TXN501357,ACC1059,2026-03-25 17:21:00,40.79,USD,India,Utilities,Online,,2026-03-25,17,Wednesday
TXN501165,ACC1051,2026-03-25 17:59:00,167.39,USD,USA,Retail,ATM,,2026-03-25,17,Wednesday
TXN500862,ACC1037,2026-03-25 18:10:00,17.04,USD,UK,Electronics,POS,,2026-03-25,18,Wednesday
TXN501081,ACC1047,2026-03-25 20:24:00,48.73,USD,UK,Utilities,POS,,2026-03-25,20,Wednesday
TXN500159,ACC1006,2026-03-26 03:15:00,22.82,USD,India,Travel,ATM,,2026-03-26,3,Thursday
TXN500845,ACC1036,2026-03-26 04:33:00,77.46,USD,India,Utilities,ATM,,2026-03-26,4,Thursday
TXN501311,ACC1057,2026-03-26 06:34:00,65.2,USD,UAE,Utilities,Online,,2026-03-26,6,Thursday
TXN500884,ACC1038,2026-03-26 07:21:00,170.67,USD,India,Cash Withdrawal,ATM,,2026-03-26,7,Thursday
TXN500243,ACC1010,2026-03-26 07:40:00,105.06,USD,UK,Retail,POS,,2026-03-26,7,Thursday
TXN501189,ACC1052,2026-03-26 08:54:00,109.4,USD,Singapore,Cash Withdrawal,POS,,2026-03-26,8,Thursday
TXN500883,ACC1038,2026-03-26 09:28:00,42.93,USD,India,Electronics,POS,,2026-03-26,9,Thursday
TXN500733,ACC1031,2026-03-26 10:06:00,96.3,USD,Singapore,Cash Withdrawal,Online,,2026-03-26,10,Thursday
TXN501324,ACC1058,2026-03-26 10:08:00,103.32,USD,Singapore,Electronics,POS,,2026-03-26,10,Thursday
TXN500034,ACC1001,2026-03-26 10:27:00,25.74,USD,India,Wire Transfer,Online,,2026-03-26,10,Thursday
TXN500280,ACC1012,2026-03-26 10:38:00,47.14,USD,India,Online Marketplace,Online,,2026-03-26,10,Thursday
TXN500489,ACC1021,2026-03-26 10:49:00,304.43,USD,USA,Retail,POS,,2026-03-26,10,Thursday
TXN500024,ACC1001,2026-03-26 11:35:00,18.5,USD,India,Travel,Online,,2026-03-26,11,Thursday
TXN501459,ACC1006,2026-03-26 12:00:00,3000.0,USD,India,Wire Transfer,Wire,ROUND_AMOUNT,2026-03-26,12,Thursday
TXN500142,ACC1006,2026-03-26 13:30:00,216.25,USD,India,Cash Withdrawal,Online,,2026-03-26,13,Thursday
TXN500891,ACC1038,2026-03-26 13:32:00,139.55,USD,India,Travel,Online,,2026-03-26,13,Thursday
TXN500394,ACC1017,2026-03-26 13:57:00,346.65,USD,USA,Cash Withdrawal,ATM,,2026-03-26,13,Thursday
TXN501305,ACC1057,2026-03-26 14:47:00,108.08,USD,UAE,Online Marketplace,POS,,2026-03-26,14,Thursday
TXN500351,ACC1015,2026-03-26 14:49:00,88.22,USD,UAE,Cash Withdrawal,POS,,2026-03-26,14,Thursday
TXN500870,ACC1037,2026-03-26 15:30:00,407.15,USD,UK,Cash Withdrawal,ATM,,2026-03-26,15,Thursday
TXN500196,ACC1008,2026-03-26 16:41:00,94.33,USD,India,Travel,Online,,2026-03-26,16,Thursday
TXN500992,ACC1043,2026-03-26 17:05:00,10.62,USD,India,Dining,Online,,2026-03-26,17,Thursday
TXN501234,ACC1054,2026-03-26 17:10:00,679.76,USD,UAE,Travel,POS,,2026-03-26,17,Thursday
TXN500272,ACC1011,2026-03-26 17:17:00,18.32,USD,India,Retail,POS,,2026-03-26,17,Thursday
TXN500314,ACC1014,2026-03-26 22:38:00,138.68,USD,UAE,Travel,Online,,2026-03-26,22,Thursday
TXN500211,ACC1009,2026-03-27 00:51:00,111.48,USD,USA,Online Marketplace,Online,,2026-03-27,0,Friday
TXN500906,ACC1039,2026-03-27 02:17:00,69.53,USD,Singapore,Travel,Online,,2026-03-27,2,Friday
TXN500911,ACC1039,2026-03-27 02:24:00,50.55,USD,Singapore,Wire Transfer,Online,,2026-03-27,2,Friday
TXN501283,ACC1056,2026-03-27 05:09:00,126.13,USD,India,Travel,Online,,2026-03-27,5,Friday
TXN500976,ACC1042,2026-03-27 07:58:00,12.18,USD,Singapore,Cash Withdrawal,Online,,2026-03-27,7,Friday
TXN500283,ACC1012,2026-03-27 08:14:00,277.94,USD,India,Wire Transfer,ATM,,2026-03-27,8,Friday
TXN500765,ACC1033,2026-03-27 09:34:00,187.61,USD,UAE,Wire Transfer,ATM,,2026-03-27,9,Friday
TXN500319,ACC1014,2026-03-27 10:23:00,89.28,USD,UAE,Retail,Online,,2026-03-27,10,Friday
TXN500736,ACC1031,2026-03-27 13:11:00,102.04,USD,Singapore,Wire Transfer,Online,,2026-03-27,13,Friday
TXN500367,ACC1016,2026-03-27 14:23:00,81.59,USD,USA,Travel,POS,,2026-03-27,14,Friday
TXN500051,ACC1001,2026-03-27 15:15:00,89.27,USD,India,Utilities,Online,,2026-03-27,15,Friday
TXN500318,ACC1014,2026-03-27 15:47:00,50.44,USD,UAE,Electronics,ATM,,2026-03-27,15,Friday
TXN501292,ACC1056,2026-03-27 16:05:00,628.73,USD,India,Online Marketplace,ATM,,2026-03-27,16,Friday
TXN500634,ACC1027,2026-03-27 19:10:00,45.41,USD,India,Retail,Online,,2026-03-27,19,Friday
TXN501245,ACC1054,2026-03-28 08:42:00,37.18,USD,UAE,Travel,Online,,2026-03-28,8,Saturday
TXN501266,ACC1055,2026-03-28 09:34:00,18.68,USD,India,Retail,POS,,2026-03-28,9,Saturday
TXN500621,ACC1027,2026-03-28 10:09:00,32.74,USD,India,Utilities,ATM,,2026-03-28,10,Saturday
TXN500497,ACC1022,2026-03-28 10:31:00,26.22,USD,UK,Retail,Online,,2026-03-28,10,Saturday
TXN500987,ACC1043,2026-03-28 11:13:00,258.03,USD,India,Travel,ATM,,2026-03-28,11,Saturday
TXN500571,ACC1025,2026-03-28 11:40:00,67.8,USD,USA,Utilities,POS,,2026-03-28,11,Saturday
TXN500212,ACC1009,2026-03-28 12:04:00,185.31,USD,USA,Online Marketplace,Online,,2026-03-28,12,Saturday
TXN500868,ACC1037,2026-03-28 12:47:00,90.11,USD,UK,Dining,ATM,,2026-03-28,12,Saturday
TXN500890,ACC1038,2026-03-28 13:49:00,180.88,USD,India,Online Marketplace,Online,,2026-03-28,13,Saturday
TXN500312,ACC1013,2026-03-28 13:50:00,179.27,USD,India,Cash Withdrawal,POS,,2026-03-28,13,Saturday
TXN501471,ACC1048,2026-03-28 14:00:00,2000.0,USD,India,Wire Transfer,Wire,ROUND_AMOUNT,2026-03-28,14,Saturday
TXN500871,ACC1037,2026-03-28 14:09:00,56.87,USD,UK,Retail,POS,,2026-03-28,14,Saturday
TXN500491,ACC1022,2026-03-28 15:03:00,66.21,USD,UK,Dining,ATM,,2026-03-28,15,Saturday
TXN500672,ACC1029,2026-03-28 15:14:00,10.32,USD,UK,Retail,POS,,2026-03-28,15,Saturday
TXN500230,ACC1010,2026-03-28 15:16:00,122.93,USD,UK,Wire Transfer,ATM,,2026-03-28,15,Saturday
TXN501359,ACC1059,2026-03-28 15:46:00,17.62,USD,India,Dining,ATM,,2026-03-28,15,Saturday
TXN500962,ACC1042,2026-03-28 15:56:00,220.57,USD,Singapore,Online Marketplace,Online,,2026-03-28,15,Saturday
TXN500459,ACC1020,2026-03-28 16:11:00,40.52,USD,UAE,Wire Transfer,Online,,2026-03-28,16,Saturday
TXN500170,ACC1007,2026-03-28 17:36:00,33.84,USD,USA,Retail,ATM,,2026-03-28,17,Saturday
TXN500125,ACC1005,2026-03-28 19:24:00,113.09,USD,UAE,Wire Transfer,ATM,,2026-03-28,19,Saturday
TXN500228,ACC1009,2026-03-28 23:54:00,25.28,USD,USA,Cash Withdrawal,POS,,2026-03-28,23,Saturday
TXN501212,ACC1053,2026-03-29 01:05:00,35.74,USD,USA,Online Marketplace,POS,,2026-03-29,1,Sunday
TXN500428,ACC1019,2026-03-29 07:36:00,123.65,USD,USA,Electronics,POS,,2026-03-29,7,Sunday
TXN500474,ACC1021,2026-03-29 07:37:00,228.19,USD,USA,Online Marketplace,POS,,2026-03-29,7,Sunday
TXN500944,ACC1041,2026-03-29 08:05:00,60.99,USD,USA,Utilities,Online,,2026-03-29,8,Sunday
TXN500907,ACC1039,2026-03-29 08:53:00,19.61,USD,Singapore,Retail,ATM,,2026-03-29,8,Sunday
TXN500996,ACC1043,2026-03-29 09:29:00,51.78,USD,India,Electronics,POS,,2026-03-29,9,Sunday
TXN500912,ACC1039,2026-03-29 09:35:00,81.23,USD,Singapore,Retail,POS,,2026-03-29,9,Sunday
TXN501180,ACC1052,2026-03-29 09:48:00,24.7,USD,Singapore,Electronics,POS,,2026-03-29,9,Sunday
TXN500399,ACC1017,2026-03-29 10:29:00,60.15,USD,USA,Electronics,ATM,,2026-03-29,10,Sunday
TXN500547,ACC1024,2026-03-29 13:24:00,112.1,USD,UK,Electronics,ATM,,2026-03-29,13,Sunday
TXN500003,ACC1000,2026-03-29 14:38:00,119.45,USD,India,Travel,ATM,,2026-03-29,14,Sunday
TXN500629,ACC1027,2026-03-29 16:02:00,70.12,USD,India,Electronics,ATM,,2026-03-29,16,Sunday
TXN500208,ACC1008,2026-03-29 16:10:00,105.89,USD,India,Travel,POS,,2026-03-29,16,Sunday
TXN500470,ACC1021,2026-03-29 16:55:00,39.72,USD,USA,Electronics,ATM,,2026-03-29,16,Sunday
TXN501043,ACC1045,2026-03-29 20:12:00,176.06,USD,USA,Online Marketplace,ATM,,2026-03-29,20,Sunday
TXN501112,ACC1048,2026-03-29 22:59:00,81.1,USD,India,Cash Withdrawal,POS,,2026-03-29,22,Sunday
TXN500797,ACC1034,2026-03-30 04:01:00,64.35,USD,Singapore,Wire Transfer,POS,,2026-03-30,4,Monday
TXN500639,ACC1028,2026-03-30 06:04:00,20.89,USD,UAE,Dining,Online,,2026-03-30,6,Monday
TXN500026,ACC1001,2026-03-30 07:19:00,73.69,USD,India,Wire Transfer,ATM,,2026-03-30,7,Monday
TXN500430,ACC1019,2026-03-30 07:32:00,13.7,USD,USA,Online Marketplace,ATM,,2026-03-30,7,Monday
TXN500464,ACC1021,2026-03-30 07:42:00,80.85,USD,USA,Electronics,Online,,2026-03-30,7,Monday
TXN500737,ACC1031,2026-03-30 08:11:00,83.97,USD,Singapore,Retail,ATM,,2026-03-30,8,Monday
TXN500167,ACC1007,2026-03-30 08:25:00,139.75,USD,USA,Utilities,ATM,,2026-03-30,8,Monday
TXN500201,ACC1008,2026-03-30 10:05:00,92.02,USD,India,Cash Withdrawal,ATM,,2026-03-30,10,Monday
TXN500005,ACC1000,2026-03-30 12:43:00,54.02,USD,India,Cash Withdrawal,POS,,2026-03-30,12,Monday
TXN501251,ACC1055,2026-03-30 13:50:00,89.82,USD,India,Utilities,Online,,2026-03-30,13,Monday
TXN500844,ACC1036,2026-03-30 14:00:00,94.08,USD,India,Utilities,Online,,2026-03-30,14,Monday
TXN500566,ACC1025,2026-03-30 14:36:00,46.19,USD,USA,Dining,Online,,2026-03-30,14,Monday
TXN500425,ACC1018,2026-03-30 14:38:00,119.2,USD,India,Online Marketplace,Online,,2026-03-30,14,Monday
TXN500832,ACC1035,2026-03-30 18:19:00,29.17,USD,India,Travel,POS,,2026-03-30,18,Monday
TXN500685,ACC1029,2026-03-30 18:21:00,22.2,USD,UK,Retail,ATM,,2026-03-30,18,Monday
TXN501369,ACC1059,2026-03-30 19:49:00,44.75,USD,India,Cash Withdrawal,Online,,2026-03-30,19,Monday
TXN500259,ACC1011,2026-03-31 05:41:00,99.43,USD,India,Dining,Online,,2026-03-31,5,Tuesday
TXN501367,ACC1059,2026-03-31 06:18:00,65.07,USD,India,Online Marketplace,ATM,,2026-03-31,6,Tuesday
TXN500194,ACC1008,2026-03-31 07:24:00,21.73,USD,India,Dining,Online,,2026-03-31,7,Tuesday
TXN500122,ACC1005,2026-03-31 08:23:00,29.42,USD,UAE,Travel,ATM,,2026-03-31,8,Tuesday
TXN500725,ACC1031,2026-03-31 09:36:00,77.77,USD,Singapore,Travel,ATM,,2026-03-31,9,Tuesday
TXN500724,ACC1031,2026-03-31 09:37:00,130.18,USD,Singapore,Retail,ATM,,2026-03-31,9,Tuesday
TXN500095,ACC1004,2026-03-31 10:25:00,46.86,USD,UAE,Dining,POS,,2026-03-31,10,Tuesday
TXN500659,ACC1028,2026-03-31 10:40:00,79.7,USD,UAE,Travel,Online,,2026-03-31,10,Tuesday
TXN500662,ACC1028,2026-03-31 10:54:00,40.77,USD,UAE,Dining,POS,,2026-03-31,10,Tuesday
TXN500585,ACC1025,2026-03-31 11:04:00,78.55,USD,USA,Utilities,POS,,2026-03-31,11,Tuesday
TXN501003,ACC1043,2026-03-31 12:14:00,70.36,USD,India,Online Marketplace,Online,,2026-03-31,12,Tuesday
TXN500469,ACC1021,2026-03-31 12:30:00,41.37,USD,USA,Dining,POS,,2026-03-31,12,Tuesday
TXN501086,ACC1047,2026-03-31 12:37:00,98.2,USD,UK,Online Marketplace,ATM,,2026-03-31,12,Tuesday
TXN501101,ACC1048,2026-03-31 13:12:00,163.73,USD,India,Cash Withdrawal,POS,,2026-03-31,13,Tuesday
TXN500775,ACC1033,2026-03-31 13:33:00,116.7,USD,UAE,Wire Transfer,POS,,2026-03-31,13,Tuesday
TXN500380,ACC1016,2026-03-31 14:50:00,32.22,USD,USA,Cash Withdrawal,ATM,,2026-03-31,14,Tuesday
TXN500863,ACC1037,2026-03-31 15:54:00,268.47,USD,UK,Travel,POS,,2026-03-31,15,Tuesday
TXN500127,ACC1005,2026-03-31 16:54:00,27.34,USD,UAE,Electronics,ATM,,2026-03-31,16,Tuesday
TXN500273,ACC1012,2026-03-31 16:58:00,189.97,USD,India,Cash Withdrawal,Online,,2026-03-31,16,Tuesday
TXN500162,ACC1007,2026-03-31 17:04:00,135.42,USD,USA,Dining,Online,,2026-03-31,17,Tuesday
